areaType,areaName,areaCode,date,newPeopleVaccinatedFirstDoseByVaccinationDate,cumPeopleVaccinatedFirstDoseByVaccinationDate,newPeopleVaccinatedSecondDoseByVaccinationDate,cumPeopleVaccinatedSecondDoseByVaccinationDate,newPeopleVaccinatedThirdInjectionByVaccinationDate,cumPeopleVaccinatedThirdInjectionByVaccinationDate
ltla,Lewisham,E09000023,2022-08-30,1,205668,13,193424,8,140978
ltla,Lewisham,E09000023,2022-08-29,0,205667,0,193411,4,140970
ltla,Lewisham,E09000023,2022-08-28,1,205667,2,193411,1,140966
ltla,Lewisham,E09000023,2022-08-27,2,205666,18,193409,25,140965
ltla,Lewisham,E09000023,2022-08-26,6,205664,11,193391,14,140940
ltla,Lewisham,E09000023,2022-08-25,0,205658,3,193380,7,140926
ltla,Lewisham,E09000023,2022-08-24,4,205658,5,193377,13,140919
ltla,Lewisham,E09000023,2022-08-23,2,205654,4,193372,15,140906
ltla,Lewisham,E09000023,2022-08-22,9,205652,15,193368,19,140891
ltla,Lewisham,E09000023,2022-08-21,4,205643,5,193353,2,140872
ltla,Lewisham,E09000023,2022-08-20,5,205639,16,193348,16,140870
ltla,Lewisham,E09000023,2022-08-19,11,205634,19,193332,28,140854
ltla,Lewisham,E09000023,2022-08-18,3,205623,4,193313,10,140826
ltla,Lewisham,E09000023,2022-08-17,3,205620,10,193309,12,140816
ltla,Lewisham,E09000023,2022-08-16,3,205617,6,193299,10,140804
ltla,Lewisham,E09000023,2022-08-15,5,205614,25,193293,31,140794
ltla,Lewisham,E09000023,2022-08-14,0,205609,3,193268,0,140763
ltla,Lewisham,E09000023,2022-08-13,10,205609,17,193265,18,140763
ltla,Lewisham,E09000023,2022-08-12,7,205599,14,193248,16,140745
ltla,Lewisham,E09000023,2022-08-11,4,205592,8,193234,17,140729
ltla,Lewisham,E09000023,2022-08-10,5,205588,15,193226,32,140712
ltla,Lewisham,E09000023,2022-08-09,2,205583,5,193211,17,140680
ltla,Lewisham,E09000023,2022-08-08,6,205581,23,193206,28,140663
ltla,Lewisham,E09000023,2022-08-07,0,205575,0,193183,0,140635
ltla,Lewisham,E09000023,2022-08-06,12,205575,24,193183,18,140635
ltla,Lewisham,E09000023,2022-08-05,8,205563,16,193159,25,140617
ltla,Lewisham,E09000023,2022-08-04,2,205555,10,193143,15,140592
ltla,Lewisham,E09000023,2022-08-03,9,205553,21,193133,28,140577
ltla,Lewisham,E09000023,2022-08-02,9,205544,5,193112,10,140549
ltla,Lewisham,E09000023,2022-08-01,8,205535,22,193107,47,140539
ltla,Lewisham,E09000023,2022-07-31,0,205527,0,193085,7,140492
ltla,Lewisham,E09000023,2022-07-30,11,205527,48,193085,48,140485
ltla,Lewisham,E09000023,2022-07-29,6,205516,24,193037,28,140437
ltla,Lewisham,E09000023,2022-07-28,3,205510,16,193013,26,140409
ltla,Lewisham,E09000023,2022-07-27,6,205507,13,192997,24,140383
ltla,Lewisham,E09000023,2022-07-26,0,205501,10,192984,26,140359
ltla,Lewisham,E09000023,2022-07-25,13,205501,57,192974,60,140333
ltla,Lewisham,E09000023,2022-07-24,1,205488,0,192917,0,140273
ltla,Lewisham,E09000023,2022-07-23,22,205487,54,192917,42,140273
ltla,Lewisham,E09000023,2022-07-22,5,205465,30,192863,23,140231
ltla,Lewisham,E09000023,2022-07-21,6,205460,21,192833,30,140208
ltla,Lewisham,E09000023,2022-07-20,5,205454,11,192812,12,140178
ltla,Lewisham,E09000023,2022-07-19,4,205449,8,192801,6,140166
ltla,Lewisham,E09000023,2022-07-18,15,205445,25,192793,33,140160
ltla,Lewisham,E09000023,2022-07-17,4,205430,5,192768,6,140127
ltla,Lewisham,E09000023,2022-07-16,13,205426,75,192763,40,140121
ltla,Lewisham,E09000023,2022-07-15,2,205413,36,192688,37,140081
ltla,Lewisham,E09000023,2022-07-14,10,205411,13,192652,23,140044
ltla,Lewisham,E09000023,2022-07-13,11,205401,22,192639,30,140021
ltla,Lewisham,E09000023,2022-07-12,8,205390,22,192617,25,139991
ltla,Lewisham,E09000023,2022-07-11,10,205382,42,192595,50,139966
ltla,Lewisham,E09000023,2022-07-10,0,205372,7,192553,14,139916
ltla,Lewisham,E09000023,2022-07-09,17,205372,75,192546,43,139902
ltla,Lewisham,E09000023,2022-07-08,7,205355,26,192471,20,139859
ltla,Lewisham,E09000023,2022-07-07,2,205348,14,192445,23,139839
ltla,Lewisham,E09000023,2022-07-06,6,205346,29,192431,33,139816
ltla,Lewisham,E09000023,2022-07-05,4,205340,15,192402,18,139783
ltla,Lewisham,E09000023,2022-07-04,13,205336,46,192387,49,139765
ltla,Lewisham,E09000023,2022-07-03,1,205323,2,192341,2,139716
ltla,Lewisham,E09000023,2022-07-02,12,205322,52,192339,58,139714
ltla,Lewisham,E09000023,2022-07-01,9,205310,15,192287,17,139656
ltla,Lewisham,E09000023,2022-06-30,12,205301,26,192272,64,139639
ltla,Lewisham,E09000023,2022-06-29,1,205289,20,192246,27,139575
ltla,Lewisham,E09000023,2022-06-28,2,205288,23,192226,25,139548
ltla,Lewisham,E09000023,2022-06-27,9,205286,39,192203,42,139523
ltla,Lewisham,E09000023,2022-06-26,1,205277,1,192164,0,139481
ltla,Lewisham,E09000023,2022-06-25,25,205276,60,192163,77,139481
ltla,Lewisham,E09000023,2022-06-24,8,205251,29,192103,32,139404
ltla,Lewisham,E09000023,2022-06-23,8,205243,18,192074,30,139372
ltla,Lewisham,E09000023,2022-06-22,6,205235,19,192056,31,139342
ltla,Lewisham,E09000023,2022-06-21,6,205229,14,192037,32,139311
ltla,Lewisham,E09000023,2022-06-20,8,205223,19,192023,55,139279
ltla,Lewisham,E09000023,2022-06-19,2,205215,4,192004,1,139224
ltla,Lewisham,E09000023,2022-06-18,24,205213,58,192000,56,139223
ltla,Lewisham,E09000023,2022-06-17,9,205189,25,191942,32,139167
ltla,Lewisham,E09000023,2022-06-16,5,205180,16,191917,28,139135
ltla,Lewisham,E09000023,2022-06-15,4,205175,15,191901,26,139107
ltla,Lewisham,E09000023,2022-06-14,9,205171,8,191886,25,139081
ltla,Lewisham,E09000023,2022-06-13,8,205162,22,191878,35,139056
ltla,Lewisham,E09000023,2022-06-12,2,205154,3,191856,5,139021
ltla,Lewisham,E09000023,2022-06-11,27,205152,45,191853,81,139016
ltla,Lewisham,E09000023,2022-06-10,7,205125,38,191808,43,138935
ltla,Lewisham,E09000023,2022-06-09,3,205118,18,191770,44,138892
ltla,Lewisham,E09000023,2022-06-08,6,205115,16,191752,29,138848
ltla,Lewisham,E09000023,2022-06-07,4,205109,16,191736,24,138819
ltla,Lewisham,E09000023,2022-06-06,11,205105,27,191720,44,138795
ltla,Lewisham,E09000023,2022-06-05,2,205094,2,191693,3,138751
ltla,Lewisham,E09000023,2022-06-04,10,205092,28,191691,27,138748
ltla,Lewisham,E09000023,2022-06-03,0,205082,1,191663,0,138721
ltla,Lewisham,E09000023,2022-06-02,0,205082,0,191662,5,138721
ltla,Lewisham,E09000023,2022-06-01,11,205082,51,191662,65,138716
ltla,Lewisham,E09000023,2022-05-31,20,205071,24,191611,37,138651
ltla,Lewisham,E09000023,2022-05-30,18,205051,49,191587,74,138614
ltla,Lewisham,E09000023,2022-05-29,1,205033,1,191538,4,138540
ltla,Lewisham,E09000023,2022-05-28,17,205032,37,191537,53,138536
ltla,Lewisham,E09000023,2022-05-27,17,205015,18,191500,49,138483
ltla,Lewisham,E09000023,2022-05-26,10,204998,22,191482,36,138434
ltla,Lewisham,E09000023,2022-05-25,7,204988,8,191460,35,138398
ltla,Lewisham,E09000023,2022-05-24,11,204981,10,191452,24,138363
ltla,Lewisham,E09000023,2022-05-23,13,204970,32,191442,47,138339
ltla,Lewisham,E09000023,2022-05-22,1,204957,4,191410,5,138292
ltla,Lewisham,E09000023,2022-05-21,33,204956,69,191406,54,138287
ltla,Lewisham,E09000023,2022-05-20,16,204923,32,191337,43,138233
ltla,Lewisham,E09000023,2022-05-19,13,204907,18,191305,55,138190
ltla,Lewisham,E09000023,2022-05-18,9,204894,19,191287,38,138135
ltla,Lewisham,E09000023,2022-05-17,2,204885,15,191268,32,138097
ltla,Lewisham,E09000023,2022-05-16,7,204883,35,191253,61,138065
ltla,Lewisham,E09000023,2022-05-15,1,204876,8,191218,4,138004
ltla,Lewisham,E09000023,2022-05-14,30,204875,74,191210,77,138000
ltla,Lewisham,E09000023,2022-05-13,13,204845,45,191136,36,137923
ltla,Lewisham,E09000023,2022-05-12,12,204832,22,191091,53,137887
ltla,Lewisham,E09000023,2022-05-11,23,204820,27,191069,56,137834
ltla,Lewisham,E09000023,2022-05-10,3,204797,19,191042,34,137778
ltla,Lewisham,E09000023,2022-05-09,11,204794,40,191023,55,137744
ltla,Lewisham,E09000023,2022-05-08,1,204783,2,190983,8,137689
ltla,Lewisham,E09000023,2022-05-07,43,204782,80,190981,79,137681
ltla,Lewisham,E09000023,2022-05-06,21,204739,40,190901,62,137602
ltla,Lewisham,E09000023,2022-05-05,21,204718,37,190861,62,137540
ltla,Lewisham,E09000023,2022-05-04,14,204697,25,190824,42,137478
ltla,Lewisham,E09000023,2022-05-03,17,204683,37,190799,58,137436
ltla,Lewisham,E09000023,2022-05-02,3,204666,5,190762,6,137378
ltla,Lewisham,E09000023,2022-05-01,1,204663,0,190757,3,137372
ltla,Lewisham,E09000023,2022-04-30,48,204662,81,190757,79,137369
ltla,Lewisham,E09000023,2022-04-29,14,204614,47,190676,54,137290
ltla,Lewisham,E09000023,2022-04-28,17,204600,26,190629,49,137236
ltla,Lewisham,E09000023,2022-04-27,17,204583,25,190603,34,137187
ltla,Lewisham,E09000023,2022-04-26,10,204566,27,190578,63,137153
ltla,Lewisham,E09000023,2022-04-25,20,204556,48,190551,74,137090
ltla,Lewisham,E09000023,2022-04-24,2,204536,10,190503,6,137016
ltla,Lewisham,E09000023,2022-04-23,49,204534,90,190493,98,137010
ltla,Lewisham,E09000023,2022-04-22,30,204485,48,190403,61,136912
ltla,Lewisham,E09000023,2022-04-21,12,204455,26,190355,62,136851
ltla,Lewisham,E09000023,2022-04-20,22,204443,37,190329,44,136789
ltla,Lewisham,E09000023,2022-04-19,28,204421,49,190292,54,136745
ltla,Lewisham,E09000023,2022-04-18,2,204393,2,190243,3,136691
ltla,Lewisham,E09000023,2022-04-17,1,204391,1,190241,5,136688
ltla,Lewisham,E09000023,2022-04-16,17,204390,44,190240,64,136683
ltla,Lewisham,E09000023,2022-04-15,1,204373,6,190196,7,136619
ltla,Lewisham,E09000023,2022-04-14,35,204372,43,190190,84,136612
ltla,Lewisham,E09000023,2022-04-13,40,204337,61,190147,72,136528
ltla,Lewisham,E09000023,2022-04-12,31,204297,44,190086,73,136456
ltla,Lewisham,E09000023,2022-04-11,51,204266,84,190042,100,136383
ltla,Lewisham,E09000023,2022-04-10,4,204215,2,189958,8,136283
ltla,Lewisham,E09000023,2022-04-09,62,204211,106,189956,106,136275
ltla,Lewisham,E09000023,2022-04-08,41,204149,83,189850,86,136169
ltla,Lewisham,E09000023,2022-04-07,25,204108,26,189767,63,136083
ltla,Lewisham,E09000023,2022-04-06,34,204083,42,189741,89,136020
ltla,Lewisham,E09000023,2022-04-05,25,204049,51,189699,66,135931
ltla,Lewisham,E09000023,2022-04-04,39,204024,65,189648,67,135865
ltla,Lewisham,E09000023,2022-04-03,3,203985,7,189583,7,135798
ltla,Lewisham,E09000023,2022-04-02,50,203982,93,189576,129,135791
ltla,Lewisham,E09000023,2022-04-01,17,203932,73,189483,72,135662
ltla,Lewisham,E09000023,2022-03-31,23,203915,50,189410,97,135590
ltla,Lewisham,E09000023,2022-03-30,13,203892,38,189360,64,135493
ltla,Lewisham,E09000023,2022-03-29,11,203879,50,189322,61,135429
ltla,Lewisham,E09000023,2022-03-28,22,203868,55,189272,92,135368
ltla,Lewisham,E09000023,2022-03-27,5,203846,12,189217,15,135276
ltla,Lewisham,E09000023,2022-03-26,38,203841,140,189205,142,135261
ltla,Lewisham,E09000023,2022-03-25,24,203803,76,189065,84,135119
ltla,Lewisham,E09000023,2022-03-24,20,203779,75,188989,82,135035
ltla,Lewisham,E09000023,2022-03-23,19,203759,60,188914,106,134953
ltla,Lewisham,E09000023,2022-03-22,18,203740,43,188854,62,134847
ltla,Lewisham,E09000023,2022-03-21,23,203722,68,188811,69,134785
ltla,Lewisham,E09000023,2022-03-20,1,203699,14,188743,14,134716
ltla,Lewisham,E09000023,2022-03-19,43,203698,119,188729,159,134702
ltla,Lewisham,E09000023,2022-03-18,40,203655,137,188610,107,134543
ltla,Lewisham,E09000023,2022-03-17,10,203615,57,188473,71,134436
ltla,Lewisham,E09000023,2022-03-16,25,203605,59,188416,121,134365
ltla,Lewisham,E09000023,2022-03-15,26,203580,90,188357,75,134244
ltla,Lewisham,E09000023,2022-03-14,30,203554,77,188267,94,134169
ltla,Lewisham,E09000023,2022-03-13,4,203524,15,188190,16,134075
ltla,Lewisham,E09000023,2022-03-12,59,203520,145,188175,143,134059
ltla,Lewisham,E09000023,2022-03-11,27,203461,67,188030,94,133916
ltla,Lewisham,E09000023,2022-03-10,35,203434,100,187963,111,133822
ltla,Lewisham,E09000023,2022-03-09,23,203399,47,187863,82,133711
ltla,Lewisham,E09000023,2022-03-08,24,203376,59,187816,68,133629
ltla,Lewisham,E09000023,2022-03-07,27,203352,92,187757,105,133561
ltla,Lewisham,E09000023,2022-03-06,4,203325,12,187665,18,133456
ltla,Lewisham,E09000023,2022-03-05,39,203321,119,187653,131,133438
ltla,Lewisham,E09000023,2022-03-04,24,203282,91,187534,123,133307
ltla,Lewisham,E09000023,2022-03-03,37,203258,58,187443,126,133184
ltla,Lewisham,E09000023,2022-03-02,22,203221,40,187385,91,133058
ltla,Lewisham,E09000023,2022-03-01,20,203199,40,187345,56,132967
ltla,Lewisham,E09000023,2022-02-28,24,203179,80,187305,116,132911
ltla,Lewisham,E09000023,2022-02-27,8,203155,14,187225,16,132795
ltla,Lewisham,E09000023,2022-02-26,44,203147,113,187211,143,132779
ltla,Lewisham,E09000023,2022-02-25,57,203103,138,187098,144,132636
ltla,Lewisham,E09000023,2022-02-24,32,203046,80,186960,111,132492
ltla,Lewisham,E09000023,2022-02-23,41,203014,73,186880,107,132381
ltla,Lewisham,E09000023,2022-02-22,25,202973,51,186807,111,132274
ltla,Lewisham,E09000023,2022-02-21,32,202948,88,186756,129,132163
ltla,Lewisham,E09000023,2022-02-20,6,202916,10,186668,11,132034
ltla,Lewisham,E09000023,2022-02-19,41,202910,78,186658,141,132023
ltla,Lewisham,E09000023,2022-02-18,39,202869,66,186580,102,131882
ltla,Lewisham,E09000023,2022-02-17,63,202830,94,186514,172,131780
ltla,Lewisham,E09000023,2022-02-16,62,202767,92,186420,263,131608
ltla,Lewisham,E09000023,2022-02-15,45,202705,66,186328,127,131345
ltla,Lewisham,E09000023,2022-02-14,66,202660,111,186262,164,131218
ltla,Lewisham,E09000023,2022-02-13,2,202594,18,186151,22,131054
ltla,Lewisham,E09000023,2022-02-12,58,202592,134,186133,266,131032
ltla,Lewisham,E09000023,2022-02-11,44,202534,84,185999,208,130766
ltla,Lewisham,E09000023,2022-02-10,58,202490,113,185915,211,130558
ltla,Lewisham,E09000023,2022-02-09,69,202432,110,185802,187,130347
ltla,Lewisham,E09000023,2022-02-08,44,202363,89,185692,135,130160
ltla,Lewisham,E09000023,2022-02-07,49,202319,111,185603,177,130025
ltla,Lewisham,E09000023,2022-02-06,12,202270,9,185492,28,129848
ltla,Lewisham,E09000023,2022-02-05,71,202258,124,185483,232,129820
ltla,Lewisham,E09000023,2022-02-04,79,202187,120,185359,205,129588
ltla,Lewisham,E09000023,2022-02-03,80,202108,115,185239,315,129383
ltla,Lewisham,E09000023,2022-02-02,67,202028,80,185124,180,129068
ltla,Lewisham,E09000023,2022-02-01,51,201961,72,185044,119,128888
ltla,Lewisham,E09000023,2022-01-31,81,201910,107,184972,221,128769
ltla,Lewisham,E09000023,2022-01-30,32,201829,36,184865,88,128548
ltla,Lewisham,E09000023,2022-01-29,128,201797,208,184829,356,128460
ltla,Lewisham,E09000023,2022-01-28,94,201669,95,184621,224,128104
ltla,Lewisham,E09000023,2022-01-27,112,201575,86,184526,318,127880
ltla,Lewisham,E09000023,2022-01-26,116,201463,122,184440,398,127562
ltla,Lewisham,E09000023,2022-01-25,76,201347,108,184318,277,127164
ltla,Lewisham,E09000023,2022-01-24,80,201271,128,184210,307,126887
ltla,Lewisham,E09000023,2022-01-23,39,201191,49,184082,101,126580
ltla,Lewisham,E09000023,2022-01-22,121,201152,235,184033,442,126479
ltla,Lewisham,E09000023,2022-01-21,112,201031,132,183798,344,126037
ltla,Lewisham,E09000023,2022-01-20,101,200919,131,183666,418,125693
ltla,Lewisham,E09000023,2022-01-19,119,200818,103,183535,358,125275
ltla,Lewisham,E09000023,2022-01-18,91,200699,125,183432,369,124917
ltla,Lewisham,E09000023,2022-01-17,105,200608,99,183307,297,124548
ltla,Lewisham,E09000023,2022-01-16,45,200503,85,183208,173,124251
ltla,Lewisham,E09000023,2022-01-15,167,200458,225,183123,550,124078
ltla,Lewisham,E09000023,2022-01-14,109,200291,127,182898,454,123528
ltla,Lewisham,E09000023,2022-01-13,98,200182,132,182771,580,123074
ltla,Lewisham,E09000023,2022-01-12,105,200084,123,182639,675,122494
ltla,Lewisham,E09000023,2022-01-11,88,199979,67,182516,517,121819
ltla,Lewisham,E09000023,2022-01-10,75,199891,100,182449,617,121302
ltla,Lewisham,E09000023,2022-01-09,62,199816,107,182349,347,120685
ltla,Lewisham,E09000023,2022-01-08,121,199754,221,182242,1068,120338
ltla,Lewisham,E09000023,2022-01-07,107,199633,143,182021,828,119270
ltla,Lewisham,E09000023,2022-01-06,156,199526,172,181878,1258,118442
ltla,Lewisham,E09000023,2022-01-05,127,199370,141,181706,925,117184
ltla,Lewisham,E09000023,2022-01-04,134,199243,243,181565,923,116259
ltla,Lewisham,E09000023,2022-01-03,104,199109,128,181322,761,115336
ltla,Lewisham,E09000023,2022-01-02,25,199005,25,181194,220,114575
ltla,Lewisham,E09000023,2022-01-01,15,198980,20,181169,130,114355
ltla,Lewisham,E09000023,2021-12-31,45,198965,64,181149,455,114225
ltla,Lewisham,E09000023,2021-12-30,162,198920,145,181085,1319,113770
ltla,Lewisham,E09000023,2021-12-29,167,198758,164,180940,1656,112451
ltla,Lewisham,E09000023,2021-12-28,184,198591,162,180776,1539,110795
ltla,Lewisham,E09000023,2021-12-27,166,198407,76,180614,986,109256
ltla,Lewisham,E09000023,2021-12-26,13,198241,9,180538,153,108270
ltla,Lewisham,E09000023,2021-12-25,2,198228,8,180529,46,108117
ltla,Lewisham,E09000023,2021-12-24,62,198226,58,180521,472,108071
ltla,Lewisham,E09000023,2021-12-23,183,198164,177,180463,2213,107599
ltla,Lewisham,E09000023,2021-12-22,248,197981,243,180286,3738,105386
ltla,Lewisham,E09000023,2021-12-21,168,197733,221,180043,3301,101648
ltla,Lewisham,E09000023,2021-12-20,211,197565,222,179822,3573,98347
ltla,Lewisham,E09000023,2021-12-19,124,197354,109,179600,2631,94774
ltla,Lewisham,E09000023,2021-12-18,297,197230,236,179491,4453,92143
ltla,Lewisham,E09000023,2021-12-17,200,196933,143,179255,3650,87690
ltla,Lewisham,E09000023,2021-12-16,185,196733,206,179112,4921,84040
ltla,Lewisham,E09000023,2021-12-15,164,196548,152,178906,4152,79119
ltla,Lewisham,E09000023,2021-12-14,184,196384,160,178754,3497,74967
ltla,Lewisham,E09000023,2021-12-13,115,196200,138,178594,2529,71470
ltla,Lewisham,E09000023,2021-12-12,55,196085,68,178456,1138,68941
ltla,Lewisham,E09000023,2021-12-11,144,196030,211,178388,2410,67803
ltla,Lewisham,E09000023,2021-12-10,121,195886,173,178177,2003,65393
ltla,Lewisham,E09000023,2021-12-09,103,195765,133,178004,1877,63390
ltla,Lewisham,E09000023,2021-12-08,87,195662,141,177871,1175,61513
ltla,Lewisham,E09000023,2021-12-07,78,195575,116,177730,1281,60338
ltla,Lewisham,E09000023,2021-12-06,106,195497,142,177614,1184,59057
ltla,Lewisham,E09000023,2021-12-05,30,195391,37,177472,280,57873
ltla,Lewisham,E09000023,2021-12-04,175,195361,262,177435,1536,57593
ltla,Lewisham,E09000023,2021-12-03,156,195186,178,177173,1785,56057
ltla,Lewisham,E09000023,2021-12-02,105,195030,191,176995,1762,54272
ltla,Lewisham,E09000023,2021-12-01,93,194925,160,176804,1166,52510
ltla,Lewisham,E09000023,2021-11-30,99,194832,158,176644,899,51344
ltla,Lewisham,E09000023,2021-11-29,93,194733,189,176486,855,50445
ltla,Lewisham,E09000023,2021-11-28,19,194640,22,176297,114,49590
ltla,Lewisham,E09000023,2021-11-27,119,194621,233,176275,1442,49476
ltla,Lewisham,E09000023,2021-11-26,97,194502,154,176042,1204,48034
ltla,Lewisham,E09000023,2021-11-25,100,194405,169,175888,1153,46830
ltla,Lewisham,E09000023,2021-11-24,88,194305,156,175719,1491,45677
ltla,Lewisham,E09000023,2021-11-23,118,194217,116,175563,1119,44186
ltla,Lewisham,E09000023,2021-11-22,102,194099,121,175447,780,43067
ltla,Lewisham,E09000023,2021-11-21,13,193997,14,175326,94,42287
ltla,Lewisham,E09000023,2021-11-20,148,193984,159,175312,1338,42193
ltla,Lewisham,E09000023,2021-11-19,132,193836,151,175153,1155,40855
ltla,Lewisham,E09000023,2021-11-18,136,193704,106,175002,1318,39700
ltla,Lewisham,E09000023,2021-11-17,101,193568,150,174896,1554,38382
ltla,Lewisham,E09000023,2021-11-16,77,193467,106,174746,481,36828
ltla,Lewisham,E09000023,2021-11-15,114,193390,128,174640,676,36347
ltla,Lewisham,E09000023,2021-11-14,12,193276,24,174512,57,35671
ltla,Lewisham,E09000023,2021-11-13,153,193264,208,174488,1250,35614
ltla,Lewisham,E09000023,2021-11-12,177,193111,140,174280,1195,34364
ltla,Lewisham,E09000023,2021-11-11,126,192934,142,174140,1019,33169
ltla,Lewisham,E09000023,2021-11-10,92,192808,126,173998,785,32150
ltla,Lewisham,E09000023,2021-11-09,122,192716,116,173872,793,31365
ltla,Lewisham,E09000023,2021-11-08,114,192594,154,173756,599,30572
ltla,Lewisham,E09000023,2021-11-07,22,192480,25,173602,91,29973
ltla,Lewisham,E09000023,2021-11-06,167,192458,196,173577,1097,29882
ltla,Lewisham,E09000023,2021-11-05,166,192291,159,173381,843,28785
ltla,Lewisham,E09000023,2021-11-04,148,192125,150,173222,1219,27942
ltla,Lewisham,E09000023,2021-11-03,205,191977,117,173072,638,26723
ltla,Lewisham,E09000023,2021-11-02,101,191772,109,172955,307,26085
ltla,Lewisham,E09000023,2021-11-01,113,191671,129,172846,502,25778
ltla,Lewisham,E09000023,2021-10-31,30,191558,27,172717,188,25276
ltla,Lewisham,E09000023,2021-10-30,160,191528,204,172690,1257,25088
ltla,Lewisham,E09000023,2021-10-29,149,191368,127,172486,730,23831
ltla,Lewisham,E09000023,2021-10-28,222,191219,118,172359,849,23101
ltla,Lewisham,E09000023,2021-10-27,223,190997,130,172241,650,22252
ltla,Lewisham,E09000023,2021-10-26,247,190774,155,172111,652,21602
ltla,Lewisham,E09000023,2021-10-25,135,190527,165,171956,597,20950
ltla,Lewisham,E09000023,2021-10-24,25,190392,30,171791,61,20353
ltla,Lewisham,E09000023,2021-10-23,170,190367,257,171761,1470,20292
ltla,Lewisham,E09000023,2021-10-22,206,190197,151,171504,1060,18822
ltla,Lewisham,E09000023,2021-10-21,210,189991,118,171353,895,17762
ltla,Lewisham,E09000023,2021-10-20,236,189781,191,171235,1007,16867
ltla,Lewisham,E09000023,2021-10-19,152,189545,128,171044,318,15860
ltla,Lewisham,E09000023,2021-10-18,257,189393,154,170916,405,15542
ltla,Lewisham,E09000023,2021-10-17,41,189136,48,170762,109,15137
ltla,Lewisham,E09000023,2021-10-16,159,189095,290,170714,1393,15028
ltla,Lewisham,E09000023,2021-10-15,227,188936,177,170424,938,13635
ltla,Lewisham,E09000023,2021-10-14,372,188709,205,170247,1105,12697
ltla,Lewisham,E09000023,2021-10-13,233,188337,134,170042,620,11592
ltla,Lewisham,E09000023,2021-10-12,273,188104,120,169908,300,10972
ltla,Lewisham,E09000023,2021-10-11,382,187831,171,169788,418,10672
ltla,Lewisham,E09000023,2021-10-10,30,187449,69,169617,136,10254
ltla,Lewisham,E09000023,2021-10-09,136,187419,288,169548,1015,10118
ltla,Lewisham,E09000023,2021-10-08,168,187283,176,169260,1116,9103
ltla,Lewisham,E09000023,2021-10-07,155,187115,160,169084,1182,7987
ltla,Lewisham,E09000023,2021-10-06,281,186960,147,168924,631,6805
ltla,Lewisham,E09000023,2021-10-05,193,186679,144,168777,258,6174
ltla,Lewisham,E09000023,2021-10-04,93,186486,205,168633,533,5916
ltla,Lewisham,E09000023,2021-10-03,35,186393,72,168428,88,5383
ltla,Lewisham,E09000023,2021-10-02,123,186358,303,168356,614,5295
ltla,Lewisham,E09000023,2021-10-01,108,186235,179,168053,974,4681
ltla,Lewisham,E09000023,2021-09-30,112,186127,226,167874,779,3707
ltla,Lewisham,E09000023,2021-09-29,76,186015,196,167648,527,2928
ltla,Lewisham,E09000023,2021-09-28,81,185939,184,167452,278,2401
ltla,Lewisham,E09000023,2021-09-27,125,185858,228,167268,480,2123
ltla,Lewisham,E09000023,2021-09-26,32,185733,136,167040,87,1643
ltla,Lewisham,E09000023,2021-09-25,133,185701,477,166904,339,1556
ltla,Lewisham,E09000023,2021-09-24,185,185568,206,166427,438,1217
ltla,Lewisham,E09000023,2021-09-23,146,185383,278,166221,307,779
ltla,Lewisham,E09000023,2021-09-22,77,185237,188,165943,142,472
ltla,Lewisham,E09000023,2021-09-21,96,185160,225,165755,134,330
ltla,Lewisham,E09000023,2021-09-20,108,185064,361,165530,23,196
ltla,Lewisham,E09000023,2021-09-19,52,184956,178,165169,2,173
ltla,Lewisham,E09000023,2021-09-18,198,184904,549,164991,19,171
ltla,Lewisham,E09000023,2021-09-17,93,184706,281,164442,22,152
ltla,Lewisham,E09000023,2021-09-16,117,184613,350,164161,34,130
ltla,Lewisham,E09000023,2021-09-15,103,184496,300,163811,4,96
ltla,Lewisham,E09000023,2021-09-14,84,184393,276,163511,2,92
ltla,Lewisham,E09000023,2021-09-13,93,184309,428,163235,0,90
ltla,Lewisham,E09000023,2021-09-12,46,184216,206,162807,0,90
ltla,Lewisham,E09000023,2021-09-11,208,184170,826,162601,2,90
ltla,Lewisham,E09000023,2021-09-10,91,183962,366,161775,1,88
ltla,Lewisham,E09000023,2021-09-09,97,183871,387,161409,2,87
ltla,Lewisham,E09000023,2021-09-08,104,183774,417,161022,1,85
ltla,Lewisham,E09000023,2021-09-07,92,183670,382,160605,0,84
ltla,Lewisham,E09000023,2021-09-06,119,183578,559,160223,0,84
ltla,Lewisham,E09000023,2021-09-05,90,183459,452,159664,1,84
ltla,Lewisham,E09000023,2021-09-04,249,183369,1004,159212,1,83
ltla,Lewisham,E09000023,2021-09-03,141,183120,532,158208,3,82
ltla,Lewisham,E09000023,2021-09-02,173,182979,594,157676,1,79
ltla,Lewisham,E09000023,2021-09-01,159,182806,614,157082,0,78
ltla,Lewisham,E09000023,2021-08-31,138,182647,495,156468,0,78
ltla,Lewisham,E09000023,2021-08-30,89,182509,432,155973,0,78
ltla,Lewisham,E09000023,2021-08-29,83,182420,430,155541,0,78
ltla,Lewisham,E09000023,2021-08-28,258,182337,997,155111,3,78
ltla,Lewisham,E09000023,2021-08-27,140,182079,639,154114,0,75
ltla,Lewisham,E09000023,2021-08-26,228,181939,807,153475,0,75
ltla,Lewisham,E09000023,2021-08-25,182,181711,575,152668,0,75
ltla,Lewisham,E09000023,2021-08-24,141,181529,586,152093,1,75
ltla,Lewisham,E09000023,2021-08-23,202,181388,763,151507,1,74
ltla,Lewisham,E09000023,2021-08-22,144,181186,567,150744,0,73
ltla,Lewisham,E09000023,2021-08-21,439,181042,1188,150177,1,73
ltla,Lewisham,E09000023,2021-08-20,194,180603,724,148989,1,72
ltla,Lewisham,E09000023,2021-08-19,191,180409,1037,148265,1,71
ltla,Lewisham,E09000023,2021-08-18,111,180218,629,147228,0,70
ltla,Lewisham,E09000023,2021-08-17,113,180107,614,146599,0,70
ltla,Lewisham,E09000023,2021-08-16,192,179994,848,145985,1,70
ltla,Lewisham,E09000023,2021-08-15,109,179802,622,145137,0,69
ltla,Lewisham,E09000023,2021-08-14,329,179693,1244,144515,3,69
ltla,Lewisham,E09000023,2021-08-13,164,179364,770,143271,1,66
ltla,Lewisham,E09000023,2021-08-12,168,179200,978,142501,0,65
ltla,Lewisham,E09000023,2021-08-11,192,179032,778,141523,0,65
ltla,Lewisham,E09000023,2021-08-10,171,178840,612,140745,0,65
ltla,Lewisham,E09000023,2021-08-09,134,178669,823,140133,0,65
ltla,Lewisham,E09000023,2021-08-08,129,178535,677,139310,0,65
ltla,Lewisham,E09000023,2021-08-07,388,178406,1387,138633,1,65
ltla,Lewisham,E09000023,2021-08-06,150,178018,826,137246,1,64
ltla,Lewisham,E09000023,2021-08-05,271,177868,1266,136420,0,63
ltla,Lewisham,E09000023,2021-08-04,175,177597,724,135154,0,63
ltla,Lewisham,E09000023,2021-08-03,152,177422,670,134430,0,63
ltla,Lewisham,E09000023,2021-08-02,120,177270,589,133760,0,63
ltla,Lewisham,E09000023,2021-08-01,126,177150,560,133171,0,63
ltla,Lewisham,E09000023,2021-07-31,349,177024,1191,132611,1,63
ltla,Lewisham,E09000023,2021-07-30,184,176675,768,131420,0,62
ltla,Lewisham,E09000023,2021-07-29,171,176491,963,130652,0,62
ltla,Lewisham,E09000023,2021-07-28,236,176320,935,129689,1,62
ltla,Lewisham,E09000023,2021-07-27,156,176084,649,128754,0,61
ltla,Lewisham,E09000023,2021-07-26,137,175928,571,128105,0,61
ltla,Lewisham,E09000023,2021-07-25,149,175791,655,127534,3,61
ltla,Lewisham,E09000023,2021-07-24,370,175642,1289,126879,1,58
ltla,Lewisham,E09000023,2021-07-23,260,175272,889,125590,1,57
ltla,Lewisham,E09000023,2021-07-22,254,175012,1099,124701,1,56
ltla,Lewisham,E09000023,2021-07-21,296,174758,846,123602,1,55
ltla,Lewisham,E09000023,2021-07-20,171,174462,645,122756,0,54
ltla,Lewisham,E09000023,2021-07-19,216,174291,574,122111,0,54
ltla,Lewisham,E09000023,2021-07-18,157,174075,545,121537,1,54
ltla,Lewisham,E09000023,2021-07-17,391,173918,1536,120992,2,53
ltla,Lewisham,E09000023,2021-07-16,227,173527,758,119456,0,51
ltla,Lewisham,E09000023,2021-07-15,402,173300,1041,118698,0,51
ltla,Lewisham,E09000023,2021-07-14,298,172898,816,117657,0,51
ltla,Lewisham,E09000023,2021-07-13,338,172600,712,116841,0,51
ltla,Lewisham,E09000023,2021-07-12,400,172262,428,116129,0,51
ltla,Lewisham,E09000023,2021-07-11,351,171862,204,115701,0,51
ltla,Lewisham,E09000023,2021-07-10,928,171511,1400,115497,1,51
ltla,Lewisham,E09000023,2021-07-09,793,170583,949,114097,0,50
ltla,Lewisham,E09000023,2021-07-08,586,169790,1110,113148,1,50
ltla,Lewisham,E09000023,2021-07-07,342,169204,697,112038,0,49
ltla,Lewisham,E09000023,2021-07-06,416,168862,590,111341,0,49
ltla,Lewisham,E09000023,2021-07-05,540,168446,475,110751,0,49
ltla,Lewisham,E09000023,2021-07-04,528,167906,232,110276,0,49
ltla,Lewisham,E09000023,2021-07-03,889,167378,1329,110044,5,49
ltla,Lewisham,E09000023,2021-07-02,814,166489,1587,108715,0,44
ltla,Lewisham,E09000023,2021-07-01,678,165675,812,107128,1,44
ltla,Lewisham,E09000023,2021-06-30,934,164997,1176,106316,0,43
ltla,Lewisham,E09000023,2021-06-29,578,164063,711,105140,1,43
ltla,Lewisham,E09000023,2021-06-28,693,163485,378,104429,1,42
ltla,Lewisham,E09000023,2021-06-27,903,162792,600,104051,0,41
ltla,Lewisham,E09000023,2021-06-26,1454,161889,1531,103451,1,41
ltla,Lewisham,E09000023,2021-06-25,1030,160435,1584,101920,0,40
ltla,Lewisham,E09000023,2021-06-24,1338,159405,1412,100336,1,40
ltla,Lewisham,E09000023,2021-06-23,777,158067,1546,98924,0,39
ltla,Lewisham,E09000023,2021-06-22,722,157290,1010,97378,0,39
ltla,Lewisham,E09000023,2021-06-21,705,156568,538,96368,1,39
ltla,Lewisham,E09000023,2021-06-20,919,155863,157,95830,0,38
ltla,Lewisham,E09000023,2021-06-19,1493,154944,1488,95673,0,38
ltla,Lewisham,E09000023,2021-06-18,1135,153451,1100,94185,0,38
ltla,Lewisham,E09000023,2021-06-17,1541,152316,1232,93085,2,38
ltla,Lewisham,E09000023,2021-06-16,767,150775,1789,91853,0,36
ltla,Lewisham,E09000023,2021-06-15,659,150008,1014,90064,1,36
ltla,Lewisham,E09000023,2021-06-14,694,149349,669,89050,0,35
ltla,Lewisham,E09000023,2021-06-13,1126,148655,168,88381,0,35
ltla,Lewisham,E09000023,2021-06-12,1611,147529,646,88213,0,35
ltla,Lewisham,E09000023,2021-06-11,1671,145918,1078,87567,4,35
ltla,Lewisham,E09000023,2021-06-10,1229,144247,1761,86489,2,31
ltla,Lewisham,E09000023,2021-06-09,1049,143018,1555,84728,1,29
ltla,Lewisham,E09000023,2021-06-08,469,141969,1226,83173,2,28
ltla,Lewisham,E09000023,2021-06-07,463,141500,755,81947,1,26
ltla,Lewisham,E09000023,2021-06-06,756,141037,168,81192,0,25
ltla,Lewisham,E09000023,2021-06-05,1212,140281,594,81024,1,25
ltla,Lewisham,E09000023,2021-06-04,1383,139069,1166,80430,0,24
ltla,Lewisham,E09000023,2021-06-03,1069,137686,2037,79264,3,24
ltla,Lewisham,E09000023,2021-06-02,841,136617,1947,77227,1,21
ltla,Lewisham,E09000023,2021-06-01,506,135776,903,75280,1,20
ltla,Lewisham,E09000023,2021-05-31,425,135270,299,74377,0,19
ltla,Lewisham,E09000023,2021-05-30,803,134845,189,74078,1,19
ltla,Lewisham,E09000023,2021-05-29,1689,134042,523,73889,0,18
ltla,Lewisham,E09000023,2021-05-28,1391,132353,1471,73366,0,18
ltla,Lewisham,E09000023,2021-05-27,1816,130962,1835,71895,0,18
ltla,Lewisham,E09000023,2021-05-26,994,129146,1365,70060,0,18
ltla,Lewisham,E09000023,2021-05-25,510,128152,1280,68695,0,18
ltla,Lewisham,E09000023,2021-05-24,617,127642,1006,67415,0,18
ltla,Lewisham,E09000023,2021-05-23,1275,127025,222,66409,0,18
ltla,Lewisham,E09000023,2021-05-22,1821,125750,1284,66187,1,18
ltla,Lewisham,E09000023,2021-05-21,1363,123929,2184,64903,1,17
ltla,Lewisham,E09000023,2021-05-20,1843,122566,1509,62719,0,16
ltla,Lewisham,E09000023,2021-05-19,1594,120723,1479,61210,1,16
ltla,Lewisham,E09000023,2021-05-18,427,119129,1216,59731,1,15
ltla,Lewisham,E09000023,2021-05-17,412,118702,605,58515,1,14
ltla,Lewisham,E09000023,2021-05-16,186,118290,193,57910,0,13
ltla,Lewisham,E09000023,2021-05-15,1268,118104,766,57717,0,13
ltla,Lewisham,E09000023,2021-05-14,1190,116836,1750,56951,0,13
ltla,Lewisham,E09000023,2021-05-13,1306,115646,1801,55201,0,13
ltla,Lewisham,E09000023,2021-05-12,642,114340,2202,53400,1,13
ltla,Lewisham,E09000023,2021-05-11,694,113698,820,51198,2,12
ltla,Lewisham,E09000023,2021-05-10,439,113004,322,50378,0,10
ltla,Lewisham,E09000023,2021-05-09,102,112565,140,50056,0,10
ltla,Lewisham,E09000023,2021-05-08,638,112463,1239,49916,0,10
ltla,Lewisham,E09000023,2021-05-07,731,111825,2256,48677,0,10
ltla,Lewisham,E09000023,2021-05-06,668,111094,1778,46421,1,10
ltla,Lewisham,E09000023,2021-05-05,983,110426,1513,44643,0,9
ltla,Lewisham,E09000023,2021-05-04,526,109443,747,43130,0,9
ltla,Lewisham,E09000023,2021-05-03,102,108917,75,42383,0,9
ltla,Lewisham,E09000023,2021-05-02,165,108815,85,42308,0,9
ltla,Lewisham,E09000023,2021-05-01,639,108650,959,42223,0,9
ltla,Lewisham,E09000023,2021-04-30,507,108011,957,41264,0,9
ltla,Lewisham,E09000023,2021-04-29,828,107504,829,40307,1,9
ltla,Lewisham,E09000023,2021-04-28,551,106676,640,39478,0,8
ltla,Lewisham,E09000023,2021-04-27,443,106125,398,38838,0,8
ltla,Lewisham,E09000023,2021-04-26,280,105682,262,38440,0,8
ltla,Lewisham,E09000023,2021-04-25,63,105402,120,38178,0,8
ltla,Lewisham,E09000023,2021-04-24,708,105339,1365,38058,0,8
ltla,Lewisham,E09000023,2021-04-23,943,104631,1963,36693,1,8
ltla,Lewisham,E09000023,2021-04-22,1310,103688,920,34730,0,7
ltla,Lewisham,E09000023,2021-04-21,1304,102378,1346,33810,0,7
ltla,Lewisham,E09000023,2021-04-20,1443,101074,904,32464,0,7
ltla,Lewisham,E09000023,2021-04-19,535,99631,450,31560,0,7
ltla,Lewisham,E09000023,2021-04-18,135,99096,104,31110,0,7
ltla,Lewisham,E09000023,2021-04-17,651,98961,1132,31006,0,7
ltla,Lewisham,E09000023,2021-04-16,760,98310,1566,29874,0,7
ltla,Lewisham,E09000023,2021-04-15,543,97550,1458,28308,0,7
ltla,Lewisham,E09000023,2021-04-14,601,97007,951,26850,0,7
ltla,Lewisham,E09000023,2021-04-13,151,96406,1163,25899,1,7
ltla,Lewisham,E09000023,2021-04-12,172,96255,1048,24736,0,6
ltla,Lewisham,E09000023,2021-04-11,70,96083,112,23688,0,6
ltla,Lewisham,E09000023,2021-04-10,700,96013,2019,23576,0,6
ltla,Lewisham,E09000023,2021-04-09,318,95313,1211,21557,1,6
ltla,Lewisham,E09000023,2021-04-08,224,94995,1663,20346,1,5
ltla,Lewisham,E09000023,2021-04-07,615,94771,2234,18683,1,4
ltla,Lewisham,E09000023,2021-04-06,145,94156,792,16449,0,3
ltla,Lewisham,E09000023,2021-04-05,48,94011,209,15657,0,3
ltla,Lewisham,E09000023,2021-04-04,37,93963,32,15448,0,3
ltla,Lewisham,E09000023,2021-04-03,196,93926,126,15416,0,3
ltla,Lewisham,E09000023,2021-04-02,146,93730,1159,15290,0,3
ltla,Lewisham,E09000023,2021-04-01,664,93584,2152,14131,1,3
ltla,Lewisham,E09000023,2021-03-31,810,92920,1233,11979,0,2
ltla,Lewisham,E09000023,2021-03-30,825,92110,879,10746,0,2
ltla,Lewisham,E09000023,2021-03-29,451,91285,834,9867,0,2
ltla,Lewisham,E09000023,2021-03-28,292,90834,65,9033,0,2
ltla,Lewisham,E09000023,2021-03-27,1384,90542,397,8968,0,2
ltla,Lewisham,E09000023,2021-03-26,1796,89158,937,8571,0,2
ltla,Lewisham,E09000023,2021-03-25,950,87362,1242,7634,0,2
ltla,Lewisham,E09000023,2021-03-24,942,86412,750,6392,0,2
ltla,Lewisham,E09000023,2021-03-23,552,85470,424,5642,0,2
ltla,Lewisham,E09000023,2021-03-22,694,84918,365,5218,1,2
ltla,Lewisham,E09000023,2021-03-21,251,84224,39,4853,0,1
ltla,Lewisham,E09000023,2021-03-20,1874,83973,101,4814,0,1
ltla,Lewisham,E09000023,2021-03-19,2453,82099,197,4713,0,1
ltla,Lewisham,E09000023,2021-03-18,1949,79646,208,4516,0,1
ltla,Lewisham,E09000023,2021-03-17,2320,77697,280,4308,0,1
ltla,Lewisham,E09000023,2021-03-16,1387,75377,279,4028,0,1
ltla,Lewisham,E09000023,2021-03-15,1055,73990,215,3749,0,1
ltla,Lewisham,E09000023,2021-03-14,148,72935,8,3534,0,1
ltla,Lewisham,E09000023,2021-03-13,1860,72787,33,3526,0,1
ltla,Lewisham,E09000023,2021-03-12,1975,70927,101,3493,0,1
ltla,Lewisham,E09000023,2021-03-11,1193,68952,127,3392,0,1
ltla,Lewisham,E09000023,2021-03-10,1447,67759,142,3265,0,1
ltla,Lewisham,E09000023,2021-03-09,528,66312,159,3123,0,1
ltla,Lewisham,E09000023,2021-03-08,482,65784,106,2964,0,1
ltla,Lewisham,E09000023,2021-03-07,144,65302,14,2858,0,1
ltla,Lewisham,E09000023,2021-03-06,1697,65158,209,2844,0,1
ltla,Lewisham,E09000023,2021-03-05,2145,63461,400,2635,0,1
ltla,Lewisham,E09000023,2021-03-04,1060,61316,411,2235,1,1
ltla,Lewisham,E09000023,2021-03-03,1169,60256,118,1824,,
ltla,Lewisham,E09000023,2021-03-02,1287,59087,97,1706,,
ltla,Lewisham,E09000023,2021-03-01,317,57800,42,1609,,
ltla,Lewisham,E09000023,2021-02-28,180,57483,11,1567,,
ltla,Lewisham,E09000023,2021-02-27,790,57303,28,1556,,
ltla,Lewisham,E09000023,2021-02-26,2736,56513,71,1528,,
ltla,Lewisham,E09000023,2021-02-25,2290,53777,108,1457,,
ltla,Lewisham,E09000023,2021-02-24,2366,51487,176,1349,,
ltla,Lewisham,E09000023,2021-02-23,1492,49121,56,1173,,
ltla,Lewisham,E09000023,2021-02-22,448,47629,23,1117,,
ltla,Lewisham,E09000023,2021-02-21,102,47181,2,1094,,
ltla,Lewisham,E09000023,2021-02-20,1262,47079,9,1092,,
ltla,Lewisham,E09000023,2021-02-19,2154,45817,38,1083,,
ltla,Lewisham,E09000023,2021-02-18,1353,43663,32,1045,,
ltla,Lewisham,E09000023,2021-02-17,1654,42310,31,1013,,
ltla,Lewisham,E09000023,2021-02-16,1248,40656,24,982,,
ltla,Lewisham,E09000023,2021-02-15,288,39408,3,958,,
ltla,Lewisham,E09000023,2021-02-14,170,39120,2,955,,
ltla,Lewisham,E09000023,2021-02-13,843,38950,5,953,,
ltla,Lewisham,E09000023,2021-02-12,2242,38107,6,948,,
ltla,Lewisham,E09000023,2021-02-11,1258,35865,5,942,,
ltla,Lewisham,E09000023,2021-02-10,667,34607,9,937,,
ltla,Lewisham,E09000023,2021-02-09,994,33940,3,928,,
ltla,Lewisham,E09000023,2021-02-08,166,32946,3,925,,
ltla,Lewisham,E09000023,2021-02-07,78,32780,0,922,,
ltla,Lewisham,E09000023,2021-02-06,254,32702,0,922,,
ltla,Lewisham,E09000023,2021-02-05,1332,32448,6,922,,
ltla,Lewisham,E09000023,2021-02-04,1310,31116,11,916,,
ltla,Lewisham,E09000023,2021-02-03,878,29806,10,905,,
ltla,Lewisham,E09000023,2021-02-02,573,28928,3,895,,
ltla,Lewisham,E09000023,2021-02-01,306,28355,8,892,,
ltla,Lewisham,E09000023,2021-01-31,390,28049,5,884,,
ltla,Lewisham,E09000023,2021-01-30,845,27659,6,879,,
ltla,Lewisham,E09000023,2021-01-29,1625,26814,22,873,,
ltla,Lewisham,E09000023,2021-01-28,810,25189,2,851,,
ltla,Lewisham,E09000023,2021-01-27,617,24379,5,849,,
ltla,Lewisham,E09000023,2021-01-26,972,23762,2,844,,
ltla,Lewisham,E09000023,2021-01-25,969,22790,2,842,,
ltla,Lewisham,E09000023,2021-01-24,125,21821,0,840,,
ltla,Lewisham,E09000023,2021-01-23,1337,21696,3,840,,
ltla,Lewisham,E09000023,2021-01-22,1900,20359,1,837,,
ltla,Lewisham,E09000023,2021-01-21,2023,18459,4,836,,
ltla,Lewisham,E09000023,2021-01-20,1585,16436,3,832,,
ltla,Lewisham,E09000023,2021-01-19,1369,14851,3,829,,
ltla,Lewisham,E09000023,2021-01-18,672,13482,4,826,,
ltla,Lewisham,E09000023,2021-01-17,237,12810,6,822,,
ltla,Lewisham,E09000023,2021-01-16,1318,12573,17,816,,
ltla,Lewisham,E09000023,2021-01-15,1484,11255,74,799,,
ltla,Lewisham,E09000023,2021-01-14,1271,9771,60,725,,
ltla,Lewisham,E09000023,2021-01-13,961,8500,82,665,,
ltla,Lewisham,E09000023,2021-01-12,392,7539,74,583,,
ltla,Lewisham,E09000023,2021-01-11,546,7147,71,509,,
ltla,Lewisham,E09000023,2021-01-10,80,6601,14,438,,
ltla,Lewisham,E09000023,2021-01-09,514,6521,61,424,,
ltla,Lewisham,E09000023,2021-01-08,1628,6007,93,363,,
ltla,Lewisham,E09000023,2021-01-07,627,4379,83,270,,
ltla,Lewisham,E09000023,2021-01-06,719,3752,67,187,,
ltla,Lewisham,E09000023,2021-01-05,310,3033,35,120,,
ltla,Lewisham,E09000023,2021-01-04,152,2723,17,85,,
ltla,Lewisham,E09000023,2021-01-03,18,2571,1,68,,
ltla,Lewisham,E09000023,2021-01-02,46,2553,3,67,,
ltla,Lewisham,E09000023,2021-01-01,63,2507,0,64,,
ltla,Lewisham,E09000023,2020-12-31,235,2444,7,64,,
ltla,Lewisham,E09000023,2020-12-30,211,2209,5,57,,
ltla,Lewisham,E09000023,2020-12-29,143,1998,12,52,,
ltla,Lewisham,E09000023,2020-12-28,50,1855,0,40,,
ltla,Lewisham,E09000023,2020-12-27,15,1805,0,40,,
ltla,Lewisham,E09000023,2020-12-26,7,1790,0,40,,
ltla,Lewisham,E09000023,2020-12-25,0,1783,0,40,,
ltla,Lewisham,E09000023,2020-12-24,26,1783,0,40,,
ltla,Lewisham,E09000023,2020-12-23,109,1757,0,40,,
ltla,Lewisham,E09000023,2020-12-22,130,1648,5,40,,
ltla,Lewisham,E09000023,2020-12-21,152,1518,1,35,,
ltla,Lewisham,E09000023,2020-12-20,59,1366,0,34,,
ltla,Lewisham,E09000023,2020-12-19,102,1307,0,34,,
ltla,Lewisham,E09000023,2020-12-18,105,1205,0,34,,
ltla,Lewisham,E09000023,2020-12-17,242,1100,0,34,,
ltla,Lewisham,E09000023,2020-12-16,489,858,0,34,,
ltla,Lewisham,E09000023,2020-12-15,65,369,0,34,,
ltla,Lewisham,E09000023,2020-12-14,56,304,0,34,,
ltla,Lewisham,E09000023,2020-12-13,1,248,0,34,,
ltla,Lewisham,E09000023,2020-12-12,32,247,0,34,,
ltla,Lewisham,E09000023,2020-12-11,57,215,0,34,,
ltla,Lewisham,E09000023,2020-12-10,65,158,0,34,,
ltla,Lewisham,E09000023,2020-12-09,23,93,1,34,,
ltla,Lewisham,E09000023,2020-12-08,22,70,,33,,
