areaType,areaName,areaCode,date,newPeopleVaccinatedFirstDoseByVaccinationDate,cumPeopleVaccinatedFirstDoseByVaccinationDate,newPeopleVaccinatedSecondDoseByVaccinationDate,cumPeopleVaccinatedSecondDoseByVaccinationDate,newPeopleVaccinatedThirdInjectionByVaccinationDate,cumPeopleVaccinatedThirdInjectionByVaccinationDate
ltla,Richmond upon Thames,E09000027,2022/8/30,8,157095,13,151038,18,124398
ltla,Richmond upon Thames,E09000027,2022/8/29,0,157087,2,151025,0,124380
ltla,Richmond upon Thames,E09000027,2022/8/28,2,157087,1,151023,2,124380
ltla,Richmond upon Thames,E09000027,2022/8/27,0,157085,5,151022,12,124378
ltla,Richmond upon Thames,E09000027,2022/8/26,0,157085,3,151017,5,124366
ltla,Richmond upon Thames,E09000027,2022/8/25,1,157085,5,151014,4,124361
ltla,Richmond upon Thames,E09000027,2022/8/24,2,157084,10,151009,16,124357
ltla,Richmond upon Thames,E09000027,2022/8/23,3,157082,6,150999,9,124341
ltla,Richmond upon Thames,E09000027,2022/8/22,1,157079,7,150993,8,124332
ltla,Richmond upon Thames,E09000027,2022/8/21,0,157078,3,150986,1,124324
ltla,Richmond upon Thames,E09000027,2022/8/20,6,157078,26,150983,14,124323
ltla,Richmond upon Thames,E09000027,2022/8/19,3,157072,2,150957,10,124309
ltla,Richmond upon Thames,E09000027,2022/8/18,3,157069,7,150955,6,124299
ltla,Richmond upon Thames,E09000027,2022/8/17,6,157066,24,150948,12,124293
ltla,Richmond upon Thames,E09000027,2022/8/16,3,157060,5,150924,16,124281
ltla,Richmond upon Thames,E09000027,2022/8/15,1,157057,1,150919,11,124265
ltla,Richmond upon Thames,E09000027,2022/8/14,2,157056,1,150918,2,124254
ltla,Richmond upon Thames,E09000027,2022/8/13,7,157054,20,150917,17,124252
ltla,Richmond upon Thames,E09000027,2022/8/12,1,157047,7,150897,10,124235
ltla,Richmond upon Thames,E09000027,2022/8/11,0,157046,4,150890,2,124225
ltla,Richmond upon Thames,E09000027,2022/8/10,5,157046,16,150886,10,124223
ltla,Richmond upon Thames,E09000027,2022/8/9,0,157041,5,150870,3,124213
ltla,Richmond upon Thames,E09000027,2022/8/8,2,157041,7,150865,14,124210
ltla,Richmond upon Thames,E09000027,2022/8/7,0,157039,0,150858,3,124196
ltla,Richmond upon Thames,E09000027,2022/8/6,1,157039,25,150858,11,124193
ltla,Richmond upon Thames,E09000027,2022/8/5,2,157038,11,150833,13,124182
ltla,Richmond upon Thames,E09000027,2022/8/4,1,157036,5,150822,7,124169
ltla,Richmond upon Thames,E09000027,2022/8/3,2,157035,17,150817,6,124162
ltla,Richmond upon Thames,E09000027,2022/8/2,3,157033,9,150800,9,124156
ltla,Richmond upon Thames,E09000027,2022/8/1,4,157030,11,150791,17,124147
ltla,Richmond upon Thames,E09000027,2022/7/31,1,157026,5,150780,4,124130
ltla,Richmond upon Thames,E09000027,2022/7/30,11,157025,30,150775,12,124126
ltla,Richmond upon Thames,E09000027,2022/7/29,4,157014,11,150745,20,124114
ltla,Richmond upon Thames,E09000027,2022/7/28,2,157010,13,150734,6,124094
ltla,Richmond upon Thames,E09000027,2022/7/27,3,157008,19,150721,13,124088
ltla,Richmond upon Thames,E09000027,2022/7/26,0,157005,6,150702,30,124075
ltla,Richmond upon Thames,E09000027,2022/7/25,7,157005,13,150696,37,124045
ltla,Richmond upon Thames,E09000027,2022/7/24,1,156998,3,150683,2,124008
ltla,Richmond upon Thames,E09000027,2022/7/23,3,156997,34,150680,17,124006
ltla,Richmond upon Thames,E09000027,2022/7/22,3,156994,30,150646,23,123989
ltla,Richmond upon Thames,E09000027,2022/7/21,1,156991,15,150616,17,123966
ltla,Richmond upon Thames,E09000027,2022/7/20,0,156990,20,150601,7,123949
ltla,Richmond upon Thames,E09000027,2022/7/19,1,156990,6,150581,28,123942
ltla,Richmond upon Thames,E09000027,2022/7/18,5,156989,24,150575,28,123914
ltla,Richmond upon Thames,E09000027,2022/7/17,0,156984,5,150551,7,123886
ltla,Richmond upon Thames,E09000027,2022/7/16,12,156984,59,150546,14,123879
ltla,Richmond upon Thames,E09000027,2022/7/15,5,156972,20,150487,24,123865
ltla,Richmond upon Thames,E09000027,2022/7/14,4,156967,13,150467,18,123841
ltla,Richmond upon Thames,E09000027,2022/7/13,8,156963,26,150454,15,123823
ltla,Richmond upon Thames,E09000027,2022/7/12,4,156955,7,150428,42,123808
ltla,Richmond upon Thames,E09000027,2022/7/11,8,156951,24,150421,59,123766
ltla,Richmond upon Thames,E09000027,2022/7/10,2,156943,7,150397,3,123707
ltla,Richmond upon Thames,E09000027,2022/7/9,7,156941,52,150390,27,123704
ltla,Richmond upon Thames,E09000027,2022/7/8,9,156934,34,150338,30,123677
ltla,Richmond upon Thames,E09000027,2022/7/7,7,156925,24,150304,14,123647
ltla,Richmond upon Thames,E09000027,2022/7/6,4,156918,34,150280,13,123633
ltla,Richmond upon Thames,E09000027,2022/7/5,6,156914,11,150246,34,123620
ltla,Richmond upon Thames,E09000027,2022/7/4,7,156908,22,150235,36,123586
ltla,Richmond upon Thames,E09000027,2022/7/3,3,156901,7,150213,4,123550
ltla,Richmond upon Thames,E09000027,2022/7/2,8,156898,58,150206,27,123546
ltla,Richmond upon Thames,E09000027,2022/7/1,5,156890,8,150148,27,123519
ltla,Richmond upon Thames,E09000027,2022/6/30,5,156885,15,150140,33,123492
ltla,Richmond upon Thames,E09000027,2022/6/29,14,156880,20,150125,20,123459
ltla,Richmond upon Thames,E09000027,2022/6/28,1,156866,7,150105,15,123439
ltla,Richmond upon Thames,E09000027,2022/6/27,15,156865,35,150098,45,123424
ltla,Richmond upon Thames,E09000027,2022/6/26,1,156850,5,150063,3,123379
ltla,Richmond upon Thames,E09000027,2022/6/25,19,156849,59,150058,33,123376
ltla,Richmond upon Thames,E09000027,2022/6/24,3,156830,22,149999,11,123343
ltla,Richmond upon Thames,E09000027,2022/6/23,8,156827,9,149977,39,123332
ltla,Richmond upon Thames,E09000027,2022/6/22,5,156819,16,149968,14,123293
ltla,Richmond upon Thames,E09000027,2022/6/21,3,156814,7,149952,12,123279
ltla,Richmond upon Thames,E09000027,2022/6/20,8,156811,18,149945,28,123267
ltla,Richmond upon Thames,E09000027,2022/6/19,1,156803,0,149927,2,123239
ltla,Richmond upon Thames,E09000027,2022/6/18,10,156802,49,149927,29,123237
ltla,Richmond upon Thames,E09000027,2022/6/17,1,156792,11,149878,15,123208
ltla,Richmond upon Thames,E09000027,2022/6/16,1,156791,5,149867,23,123193
ltla,Richmond upon Thames,E09000027,2022/6/15,7,156790,21,149862,22,123170
ltla,Richmond upon Thames,E09000027,2022/6/14,2,156783,2,149841,12,123148
ltla,Richmond upon Thames,E09000027,2022/6/13,5,156781,14,149839,36,123136
ltla,Richmond upon Thames,E09000027,2022/6/12,2,156776,4,149825,5,123100
ltla,Richmond upon Thames,E09000027,2022/6/11,16,156774,36,149821,38,123095
ltla,Richmond upon Thames,E09000027,2022/6/10,5,156758,10,149785,19,123057
ltla,Richmond upon Thames,E09000027,2022/6/9,1,156753,4,149775,20,123038
ltla,Richmond upon Thames,E09000027,2022/6/8,7,156752,12,149771,20,123018
ltla,Richmond upon Thames,E09000027,2022/6/7,5,156745,9,149759,16,122998
ltla,Richmond upon Thames,E09000027,2022/6/6,3,156740,19,149750,37,122982
ltla,Richmond upon Thames,E09000027,2022/6/5,2,156737,0,149731,3,122945
ltla,Richmond upon Thames,E09000027,2022/6/4,10,156735,26,149731,24,122942
ltla,Richmond upon Thames,E09000027,2022/6/3,1,156725,0,149705,1,122918
ltla,Richmond upon Thames,E09000027,2022/6/2,0,156724,0,149705,2,122917
ltla,Richmond upon Thames,E09000027,2022/6/1,8,156724,21,149705,26,122915
ltla,Richmond upon Thames,E09000027,2022/5/31,12,156716,33,149684,27,122889
ltla,Richmond upon Thames,E09000027,2022/5/30,8,156704,31,149651,38,122862
ltla,Richmond upon Thames,E09000027,2022/5/29,0,156696,2,149620,8,122824
ltla,Richmond upon Thames,E09000027,2022/5/28,16,156696,42,149618,27,122816
ltla,Richmond upon Thames,E09000027,2022/5/27,3,156680,15,149576,31,122789
ltla,Richmond upon Thames,E09000027,2022/5/26,9,156677,6,149561,17,122758
ltla,Richmond upon Thames,E09000027,2022/5/25,6,156668,13,149555,29,122741
ltla,Richmond upon Thames,E09000027,2022/5/24,3,156662,17,149542,16,122712
ltla,Richmond upon Thames,E09000027,2022/5/23,13,156659,38,149525,55,122696
ltla,Richmond upon Thames,E09000027,2022/5/22,8,156646,11,149487,6,122641
ltla,Richmond upon Thames,E09000027,2022/5/21,20,156638,33,149476,24,122635
ltla,Richmond upon Thames,E09000027,2022/5/20,6,156618,11,149443,19,122611
ltla,Richmond upon Thames,E09000027,2022/5/19,0,156612,8,149432,32,122592
ltla,Richmond upon Thames,E09000027,2022/5/18,5,156612,20,149424,25,122560
ltla,Richmond upon Thames,E09000027,2022/5/17,11,156607,19,149404,24,122535
ltla,Richmond upon Thames,E09000027,2022/5/16,9,156596,21,149385,43,122511
ltla,Richmond upon Thames,E09000027,2022/5/15,6,156587,2,149364,14,122468
ltla,Richmond upon Thames,E09000027,2022/5/14,32,156581,65,149362,35,122454
ltla,Richmond upon Thames,E09000027,2022/5/13,5,156549,17,149297,37,122419
ltla,Richmond upon Thames,E09000027,2022/5/12,9,156544,8,149280,34,122382
ltla,Richmond upon Thames,E09000027,2022/5/11,8,156535,16,149272,28,122348
ltla,Richmond upon Thames,E09000027,2022/5/10,10,156527,23,149256,39,122320
ltla,Richmond upon Thames,E09000027,2022/5/9,2,156517,22,149233,28,122281
ltla,Richmond upon Thames,E09000027,2022/5/8,5,156515,16,149211,9,122253
ltla,Richmond upon Thames,E09000027,2022/5/7,25,156510,64,149195,50,122244
ltla,Richmond upon Thames,E09000027,2022/5/6,6,156485,7,149131,41,122194
ltla,Richmond upon Thames,E09000027,2022/5/5,7,156479,7,149124,34,122153
ltla,Richmond upon Thames,E09000027,2022/5/4,22,156472,21,149117,36,122119
ltla,Richmond upon Thames,E09000027,2022/5/3,17,156450,27,149096,39,122083
ltla,Richmond upon Thames,E09000027,2022/5/2,8,156433,10,149069,18,122044
ltla,Richmond upon Thames,E09000027,2022/5/1,5,156425,10,149059,11,122026
ltla,Richmond upon Thames,E09000027,2022/4/30,29,156420,57,149049,35,122015
ltla,Richmond upon Thames,E09000027,2022/4/29,7,156391,21,148992,29,121980
ltla,Richmond upon Thames,E09000027,2022/4/28,8,156384,12,148971,44,121951
ltla,Richmond upon Thames,E09000027,2022/4/27,22,156376,26,148959,28,121907
ltla,Richmond upon Thames,E09000027,2022/4/26,9,156354,22,148933,32,121879
ltla,Richmond upon Thames,E09000027,2022/4/25,25,156345,43,148911,37,121847
ltla,Richmond upon Thames,E09000027,2022/4/24,11,156320,15,148868,16,121810
ltla,Richmond upon Thames,E09000027,2022/4/23,44,156309,66,148853,34,121794
ltla,Richmond upon Thames,E09000027,2022/4/22,13,156265,17,148787,50,121760
ltla,Richmond upon Thames,E09000027,2022/4/21,15,156252,24,148770,54,121710
ltla,Richmond upon Thames,E09000027,2022/4/20,20,156237,29,148746,28,121656
ltla,Richmond upon Thames,E09000027,2022/4/19,9,156217,39,148717,25,121628
ltla,Richmond upon Thames,E09000027,2022/4/18,18,156208,28,148678,26,121603
ltla,Richmond upon Thames,E09000027,2022/4/17,1,156190,5,148650,4,121577
ltla,Richmond upon Thames,E09000027,2022/4/16,22,156189,57,148645,32,121573
ltla,Richmond upon Thames,E09000027,2022/4/15,7,156167,19,148588,35,121541
ltla,Richmond upon Thames,E09000027,2022/4/14,10,156160,28,148569,49,121506
ltla,Richmond upon Thames,E09000027,2022/4/13,20,156150,43,148541,44,121457
ltla,Richmond upon Thames,E09000027,2022/4/12,28,156130,20,148498,33,121413
ltla,Richmond upon Thames,E09000027,2022/4/11,31,156102,49,148478,45,121380
ltla,Richmond upon Thames,E09000027,2022/4/10,3,156071,14,148429,12,121335
ltla,Richmond upon Thames,E09000027,2022/4/9,31,156068,50,148415,56,121323
ltla,Richmond upon Thames,E09000027,2022/4/8,11,156037,28,148365,57,121267
ltla,Richmond upon Thames,E09000027,2022/4/7,9,156026,11,148337,49,121210
ltla,Richmond upon Thames,E09000027,2022/4/6,16,156017,17,148326,40,121161
ltla,Richmond upon Thames,E09000027,2022/4/5,13,156001,38,148309,48,121121
ltla,Richmond upon Thames,E09000027,2022/4/4,25,155988,53,148271,70,121073
ltla,Richmond upon Thames,E09000027,2022/4/3,2,155963,27,148218,19,121003
ltla,Richmond upon Thames,E09000027,2022/4/2,15,155961,70,148191,44,120984
ltla,Richmond upon Thames,E09000027,2022/4/1,16,155946,35,148121,47,120940
ltla,Richmond upon Thames,E09000027,2022/3/31,6,155930,21,148086,36,120893
ltla,Richmond upon Thames,E09000027,2022/3/30,4,155924,48,148065,64,120857
ltla,Richmond upon Thames,E09000027,2022/3/29,16,155920,65,148017,60,120793
ltla,Richmond upon Thames,E09000027,2022/3/28,20,155904,52,147952,74,120733
ltla,Richmond upon Thames,E09000027,2022/3/27,5,155884,19,147900,17,120659
ltla,Richmond upon Thames,E09000027,2022/3/26,14,155879,61,147881,67,120642
ltla,Richmond upon Thames,E09000027,2022/3/25,7,155865,33,147820,63,120575
ltla,Richmond upon Thames,E09000027,2022/3/24,12,155858,49,147787,55,120512
ltla,Richmond upon Thames,E09000027,2022/3/23,23,155846,53,147738,71,120457
ltla,Richmond upon Thames,E09000027,2022/3/22,21,155823,66,147685,56,120386
ltla,Richmond upon Thames,E09000027,2022/3/21,11,155802,64,147619,83,120330
ltla,Richmond upon Thames,E09000027,2022/3/20,9,155791,32,147555,27,120247
ltla,Richmond upon Thames,E09000027,2022/3/19,16,155782,82,147523,77,120220
ltla,Richmond upon Thames,E09000027,2022/3/18,9,155766,36,147441,52,120143
ltla,Richmond upon Thames,E09000027,2022/3/17,3,155757,11,147405,15,120091
ltla,Richmond upon Thames,E09000027,2022/3/16,13,155754,59,147394,72,120076
ltla,Richmond upon Thames,E09000027,2022/3/15,12,155741,68,147335,70,120004
ltla,Richmond upon Thames,E09000027,2022/3/14,12,155729,80,147267,55,119934
ltla,Richmond upon Thames,E09000027,2022/3/13,20,155717,100,147187,41,119879
ltla,Richmond upon Thames,E09000027,2022/3/12,31,155697,81,147087,98,119838
ltla,Richmond upon Thames,E09000027,2022/3/11,12,155666,43,147006,64,119740
ltla,Richmond upon Thames,E09000027,2022/3/10,13,155654,47,146963,42,119676
ltla,Richmond upon Thames,E09000027,2022/3/9,12,155641,26,146916,73,119634
ltla,Richmond upon Thames,E09000027,2022/3/8,8,155629,50,146890,50,119561
ltla,Richmond upon Thames,E09000027,2022/3/7,9,155621,46,146840,75,119511
ltla,Richmond upon Thames,E09000027,2022/3/6,8,155612,34,146794,42,119436
ltla,Richmond upon Thames,E09000027,2022/3/5,32,155604,125,146760,94,119394
ltla,Richmond upon Thames,E09000027,2022/3/4,11,155572,36,146635,58,119300
ltla,Richmond upon Thames,E09000027,2022/3/3,1,155561,8,146599,32,119242
ltla,Richmond upon Thames,E09000027,2022/3/2,11,155560,31,146591,111,119210
ltla,Richmond upon Thames,E09000027,2022/3/1,8,155549,57,146560,70,119099
ltla,Richmond upon Thames,E09000027,2022/2/28,14,155541,39,146503,97,119029
ltla,Richmond upon Thames,E09000027,2022/2/27,8,155527,28,146464,34,118932
ltla,Richmond upon Thames,E09000027,2022/2/26,28,155519,80,146436,82,118898
ltla,Richmond upon Thames,E09000027,2022/2/25,8,155491,28,146356,65,118816
ltla,Richmond upon Thames,E09000027,2022/2/24,6,155483,37,146328,33,118751
ltla,Richmond upon Thames,E09000027,2022/2/23,31,155477,71,146291,96,118718
ltla,Richmond upon Thames,E09000027,2022/2/22,36,155446,73,146220,77,118622
ltla,Richmond upon Thames,E09000027,2022/2/21,8,155410,28,146147,94,118545
ltla,Richmond upon Thames,E09000027,2022/2/20,9,155402,14,146119,25,118451
ltla,Richmond upon Thames,E09000027,2022/2/19,21,155393,64,146105,91,118426
ltla,Richmond upon Thames,E09000027,2022/2/18,4,155372,18,146041,54,118335
ltla,Richmond upon Thames,E09000027,2022/2/17,13,155368,33,146023,50,118281
ltla,Richmond upon Thames,E09000027,2022/2/16,25,155355,43,145990,114,118231
ltla,Richmond upon Thames,E09000027,2022/2/15,20,155330,63,145947,84,118117
ltla,Richmond upon Thames,E09000027,2022/2/14,26,155310,64,145884,130,118033
ltla,Richmond upon Thames,E09000027,2022/2/13,7,155284,28,145820,41,117903
ltla,Richmond upon Thames,E09000027,2022/2/12,28,155277,115,145792,77,117862
ltla,Richmond upon Thames,E09000027,2022/2/11,19,155249,42,145677,128,117785
ltla,Richmond upon Thames,E09000027,2022/2/10,14,155230,57,145635,66,117657
ltla,Richmond upon Thames,E09000027,2022/2/9,14,155216,22,145578,69,117591
ltla,Richmond upon Thames,E09000027,2022/2/8,18,155202,40,145556,89,117522
ltla,Richmond upon Thames,E09000027,2022/2/7,20,155184,34,145516,110,117433
ltla,Richmond upon Thames,E09000027,2022/2/6,23,155164,119,145482,57,117323
ltla,Richmond upon Thames,E09000027,2022/2/5,30,155141,99,145363,101,117266
ltla,Richmond upon Thames,E09000027,2022/2/4,29,155111,67,145264,102,117165
ltla,Richmond upon Thames,E09000027,2022/2/3,17,155082,39,145197,93,117063
ltla,Richmond upon Thames,E09000027,2022/2/2,22,155065,37,145158,66,116970
ltla,Richmond upon Thames,E09000027,2022/2/1,26,155043,53,145121,104,116904
ltla,Richmond upon Thames,E09000027,2022/1/31,21,155017,69,145068,136,116800
ltla,Richmond upon Thames,E09000027,2022/1/30,33,154996,113,144999,81,116664
ltla,Richmond upon Thames,E09000027,2022/1/29,55,154963,215,144886,130,116583
ltla,Richmond upon Thames,E09000027,2022/1/28,27,154908,87,144671,149,116453
ltla,Richmond upon Thames,E09000027,2022/1/27,30,154881,79,144584,131,116304
ltla,Richmond upon Thames,E09000027,2022/1/26,21,154851,62,144505,153,116173
ltla,Richmond upon Thames,E09000027,2022/1/25,24,154830,70,144443,170,116020
ltla,Richmond upon Thames,E09000027,2022/1/24,32,154806,137,144373,217,115850
ltla,Richmond upon Thames,E09000027,2022/1/23,24,154774,158,144236,133,115633
ltla,Richmond upon Thames,E09000027,2022/1/22,55,154750,248,144078,185,115500
ltla,Richmond upon Thames,E09000027,2022/1/21,47,154695,118,143830,207,115315
ltla,Richmond upon Thames,E09000027,2022/1/20,20,154648,82,143712,113,115108
ltla,Richmond upon Thames,E09000027,2022/1/19,41,154628,95,143630,189,114995
ltla,Richmond upon Thames,E09000027,2022/1/18,28,154587,56,143535,268,114806
ltla,Richmond upon Thames,E09000027,2022/1/17,42,154559,83,143479,199,114538
ltla,Richmond upon Thames,E09000027,2022/1/16,51,154517,202,143396,196,114339
ltla,Richmond upon Thames,E09000027,2022/1/15,78,154466,271,143194,220,114143
ltla,Richmond upon Thames,E09000027,2022/1/14,49,154388,105,142923,366,113923
ltla,Richmond upon Thames,E09000027,2022/1/13,32,154339,58,142818,212,113557
ltla,Richmond upon Thames,E09000027,2022/1/12,49,154307,87,142760,355,113345
ltla,Richmond upon Thames,E09000027,2022/1/11,32,154258,65,142673,407,112990
ltla,Richmond upon Thames,E09000027,2022/1/10,50,154226,86,142608,421,112583
ltla,Richmond upon Thames,E09000027,2022/1/9,52,154176,145,142522,289,112162
ltla,Richmond upon Thames,E09000027,2022/1/8,64,154124,172,142377,364,111873
ltla,Richmond upon Thames,E09000027,2022/1/7,53,154060,137,142205,595,111509
ltla,Richmond upon Thames,E09000027,2022/1/6,53,154007,108,142068,413,110914
ltla,Richmond upon Thames,E09000027,2022/1/5,69,153954,121,141960,713,110501
ltla,Richmond upon Thames,E09000027,2022/1/4,83,153885,206,141839,656,109788
ltla,Richmond upon Thames,E09000027,2022/1/3,49,153802,134,141633,273,109132
ltla,Richmond upon Thames,E09000027,2022/1/2,36,153753,53,141499,244,108859
ltla,Richmond upon Thames,E09000027,2022/1/1,5,153717,7,141446,112,108615
ltla,Richmond upon Thames,E09000027,2021/12/31,54,153712,103,141439,282,108503
ltla,Richmond upon Thames,E09000027,2021/12/30,69,153658,135,141336,735,108221
ltla,Richmond upon Thames,E09000027,2021/12/29,110,153589,160,141201,969,107486
ltla,Richmond upon Thames,E09000027,2021/12/28,62,153479,90,141041,462,106517
ltla,Richmond upon Thames,E09000027,2021/12/27,82,153417,79,140951,576,106055
ltla,Richmond upon Thames,E09000027,2021/12/26,7,153335,2,140872,24,105479
ltla,Richmond upon Thames,E09000027,2021/12/25,0,153328,2,140870,5,105455
ltla,Richmond upon Thames,E09000027,2021/12/24,40,153328,58,140868,424,105450
ltla,Richmond upon Thames,E09000027,2021/12/23,103,153288,120,140810,1201,105026
ltla,Richmond upon Thames,E09000027,2021/12/22,107,153185,128,140690,2211,103825
ltla,Richmond upon Thames,E09000027,2021/12/21,134,153078,136,140562,3207,101614
ltla,Richmond upon Thames,E09000027,2021/12/20,176,152944,190,140426,2054,98407
ltla,Richmond upon Thames,E09000027,2021/12/19,105,152768,125,140236,3550,96353
ltla,Richmond upon Thames,E09000027,2021/12/18,98,152663,109,140111,2082,92803
ltla,Richmond upon Thames,E09000027,2021/12/17,117,152565,79,140002,2236,90721
ltla,Richmond upon Thames,E09000027,2021/12/16,122,152448,108,139923,3396,88485
ltla,Richmond upon Thames,E09000027,2021/12/15,103,152326,130,139815,4171,85089
ltla,Richmond upon Thames,E09000027,2021/12/14,80,152223,99,139685,2935,80918
ltla,Richmond upon Thames,E09000027,2021/12/13,114,152143,75,139586,2245,77983
ltla,Richmond upon Thames,E09000027,2021/12/12,58,152029,77,139511,3762,75738
ltla,Richmond upon Thames,E09000027,2021/12/11,33,151971,71,139434,1035,71976
ltla,Richmond upon Thames,E09000027,2021/12/10,63,151938,69,139363,1038,70941
ltla,Richmond upon Thames,E09000027,2021/12/9,76,151875,117,139294,1667,69903
ltla,Richmond upon Thames,E09000027,2021/12/8,96,151799,129,139177,2201,68236
ltla,Richmond upon Thames,E09000027,2021/12/7,50,151703,114,139048,1317,66035
ltla,Richmond upon Thames,E09000027,2021/12/6,114,151653,113,138934,1004,64718
ltla,Richmond upon Thames,E09000027,2021/12/5,33,151539,58,138821,2662,63714
ltla,Richmond upon Thames,E09000027,2021/12/4,47,151506,117,138763,1060,61052
ltla,Richmond upon Thames,E09000027,2021/12/3,74,151459,93,138646,643,59992
ltla,Richmond upon Thames,E09000027,2021/12/2,96,151385,99,138553,1140,59349
ltla,Richmond upon Thames,E09000027,2021/12/1,60,151289,269,138454,2187,58209
ltla,Richmond upon Thames,E09000027,2021/11/30,126,151229,235,138185,1425,56022
ltla,Richmond upon Thames,E09000027,2021/11/29,72,151103,135,137950,1103,54597
ltla,Richmond upon Thames,E09000027,2021/11/28,28,151031,105,137815,343,53494
ltla,Richmond upon Thames,E09000027,2021/11/27,39,151003,101,137710,711,53151
ltla,Richmond upon Thames,E09000027,2021/11/26,35,150964,88,137609,1089,52440
ltla,Richmond upon Thames,E09000027,2021/11/25,20,150929,85,137521,709,51351
ltla,Richmond upon Thames,E09000027,2021/11/24,67,150909,156,137436,2603,50642
ltla,Richmond upon Thames,E09000027,2021/11/23,120,150842,85,137280,1048,48039
ltla,Richmond upon Thames,E09000027,2021/11/22,52,150722,90,137195,869,46991
ltla,Richmond upon Thames,E09000027,2021/11/21,19,150670,24,137105,177,46122
ltla,Richmond upon Thames,E09000027,2021/11/20,28,150651,54,137081,473,45945
ltla,Richmond upon Thames,E09000027,2021/11/19,72,150623,75,137027,1690,45472
ltla,Richmond upon Thames,E09000027,2021/11/18,74,150551,48,136952,1253,43782
ltla,Richmond upon Thames,E09000027,2021/11/17,88,150477,103,136904,2239,42529
ltla,Richmond upon Thames,E09000027,2021/11/16,165,150389,55,136801,798,40290
ltla,Richmond upon Thames,E09000027,2021/11/15,89,150224,67,136746,802,39492
ltla,Richmond upon Thames,E09000027,2021/11/14,23,150135,28,136679,503,38690
ltla,Richmond upon Thames,E09000027,2021/11/13,22,150112,42,136651,638,38187
ltla,Richmond upon Thames,E09000027,2021/11/12,118,150090,49,136609,602,37549
ltla,Richmond upon Thames,E09000027,2021/11/11,63,149972,49,136560,752,36947
ltla,Richmond upon Thames,E09000027,2021/11/10,67,149909,98,136511,1955,36195
ltla,Richmond upon Thames,E09000027,2021/11/9,62,149842,67,136413,1389,34240
ltla,Richmond upon Thames,E09000027,2021/11/8,78,149780,71,136346,618,32851
ltla,Richmond upon Thames,E09000027,2021/11/7,141,149702,24,136275,83,32233
ltla,Richmond upon Thames,E09000027,2021/11/6,62,149561,46,136251,297,32150
ltla,Richmond upon Thames,E09000027,2021/11/5,182,149499,72,136205,1353,31853
ltla,Richmond upon Thames,E09000027,2021/11/4,106,149317,55,136133,606,30500
ltla,Richmond upon Thames,E09000027,2021/11/3,90,149211,65,136078,2221,29894
ltla,Richmond upon Thames,E09000027,2021/11/2,209,149121,51,136013,1071,27673
ltla,Richmond upon Thames,E09000027,2021/11/1,334,148912,46,135962,297,26602
ltla,Richmond upon Thames,E09000027,2021/10/31,76,148578,19,135916,588,26305
ltla,Richmond upon Thames,E09000027,2021/10/30,57,148502,65,135897,449,25717
ltla,Richmond upon Thames,E09000027,2021/10/29,184,148445,72,135832,543,25268
ltla,Richmond upon Thames,E09000027,2021/10/28,140,148261,57,135760,561,24725
ltla,Richmond upon Thames,E09000027,2021/10/27,275,148121,95,135703,2064,24164
ltla,Richmond upon Thames,E09000027,2021/10/26,181,147846,54,135608,813,22100
ltla,Richmond upon Thames,E09000027,2021/10/25,110,147665,60,135554,468,21287
ltla,Richmond upon Thames,E09000027,2021/10/24,85,147555,26,135494,98,20819
ltla,Richmond upon Thames,E09000027,2021/10/23,129,147470,63,135468,1139,20721
ltla,Richmond upon Thames,E09000027,2021/10/22,110,147341,73,135405,1174,19582
ltla,Richmond upon Thames,E09000027,2021/10/21,113,147231,58,135332,1094,18408
ltla,Richmond upon Thames,E09000027,2021/10/20,303,147118,97,135274,1898,17314
ltla,Richmond upon Thames,E09000027,2021/10/19,118,146815,66,135177,536,15416
ltla,Richmond upon Thames,E09000027,2021/10/18,250,146697,55,135111,392,14880
ltla,Richmond upon Thames,E09000027,2021/10/17,26,146447,49,135056,48,14488
ltla,Richmond upon Thames,E09000027,2021/10/16,60,146421,85,135007,1295,14440
ltla,Richmond upon Thames,E09000027,2021/10/15,409,146361,69,134922,476,13145
ltla,Richmond upon Thames,E09000027,2021/10/14,355,145952,60,134853,735,12669
ltla,Richmond upon Thames,E09000027,2021/10/13,395,145597,99,134793,1792,11934
ltla,Richmond upon Thames,E09000027,2021/10/12,65,145202,60,134694,469,10142
ltla,Richmond upon Thames,E09000027,2021/10/11,293,145137,72,134634,269,9673
ltla,Richmond upon Thames,E09000027,2021/10/10,19,144844,45,134562,87,9404
ltla,Richmond upon Thames,E09000027,2021/10/9,44,144825,75,134517,516,9317
ltla,Richmond upon Thames,E09000027,2021/10/8,143,144781,55,134442,897,8801
ltla,Richmond upon Thames,E09000027,2021/10/7,75,144638,64,134387,722,7904
ltla,Richmond upon Thames,E09000027,2021/10/6,246,144563,85,134323,1651,7182
ltla,Richmond upon Thames,E09000027,2021/10/5,196,144317,94,134238,437,5531
ltla,Richmond upon Thames,E09000027,2021/10/4,34,144121,60,134144,328,5094
ltla,Richmond upon Thames,E09000027,2021/10/3,27,144087,38,134084,76,4766
ltla,Richmond upon Thames,E09000027,2021/10/2,55,144060,61,134046,164,4690
ltla,Richmond upon Thames,E09000027,2021/10/1,49,144005,57,133985,858,4526
ltla,Richmond upon Thames,E09000027,2021/9/30,29,143956,50,133928,410,3668
ltla,Richmond upon Thames,E09000027,2021/9/29,243,143927,69,133878,1601,3258
ltla,Richmond upon Thames,E09000027,2021/9/28,88,143684,55,133809,391,1657
ltla,Richmond upon Thames,E09000027,2021/9/27,36,143596,76,133754,520,1266
ltla,Richmond upon Thames,E09000027,2021/9/26,20,143560,25,133678,30,746
ltla,Richmond upon Thames,E09000027,2021/9/25,56,143540,133,133653,107,716
ltla,Richmond upon Thames,E09000027,2021/9/24,255,143484,81,133520,107,609
ltla,Richmond upon Thames,E09000027,2021/9/23,289,143229,91,133439,171,502
ltla,Richmond upon Thames,E09000027,2021/9/22,47,142940,132,133348,120,331
ltla,Richmond upon Thames,E09000027,2021/9/21,78,142893,160,133216,69,211
ltla,Richmond upon Thames,E09000027,2021/9/20,47,142815,103,133056,28,142
ltla,Richmond upon Thames,E09000027,2021/9/19,25,142768,23,132953,10,114
ltla,Richmond upon Thames,E09000027,2021/9/18,30,142743,130,132930,6,104
ltla,Richmond upon Thames,E09000027,2021/9/17,25,142713,111,132800,2,98
ltla,Richmond upon Thames,E09000027,2021/9/16,25,142688,165,132689,3,96
ltla,Richmond upon Thames,E09000027,2021/9/15,37,142663,191,132524,1,93
ltla,Richmond upon Thames,E09000027,2021/9/14,68,142626,213,132333,0,92
ltla,Richmond upon Thames,E09000027,2021/9/13,38,142558,96,132120,1,92
ltla,Richmond upon Thames,E09000027,2021/9/12,17,142520,53,132024,3,91
ltla,Richmond upon Thames,E09000027,2021/9/11,60,142503,219,131971,1,88
ltla,Richmond upon Thames,E09000027,2021/9/10,56,142443,159,131752,0,87
ltla,Richmond upon Thames,E09000027,2021/9/9,60,142387,224,131593,0,87
ltla,Richmond upon Thames,E09000027,2021/9/8,50,142327,228,131369,0,87
ltla,Richmond upon Thames,E09000027,2021/9/7,30,142277,122,131141,0,87
ltla,Richmond upon Thames,E09000027,2021/9/6,35,142247,139,131019,0,87
ltla,Richmond upon Thames,E09000027,2021/9/5,28,142212,96,130880,0,87
ltla,Richmond upon Thames,E09000027,2021/9/4,78,142184,292,130784,2,87
ltla,Richmond upon Thames,E09000027,2021/9/3,89,142106,194,130492,2,85
ltla,Richmond upon Thames,E09000027,2021/9/2,167,142017,339,130298,1,83
ltla,Richmond upon Thames,E09000027,2021/9/1,93,141850,275,129959,1,82
ltla,Richmond upon Thames,E09000027,2021/8/31,41,141757,206,129684,1,81
ltla,Richmond upon Thames,E09000027,2021/8/30,76,141716,166,129478,0,80
ltla,Richmond upon Thames,E09000027,2021/8/29,62,141640,110,129312,0,80
ltla,Richmond upon Thames,E09000027,2021/8/28,93,141578,296,129202,0,80
ltla,Richmond upon Thames,E09000027,2021/8/27,113,141485,269,128906,2,80
ltla,Richmond upon Thames,E09000027,2021/8/26,147,141372,398,128637,1,78
ltla,Richmond upon Thames,E09000027,2021/8/25,139,141225,397,128239,1,77
ltla,Richmond upon Thames,E09000027,2021/8/24,142,141086,310,127842,0,76
ltla,Richmond upon Thames,E09000027,2021/8/23,182,140944,331,127532,0,76
ltla,Richmond upon Thames,E09000027,2021/8/22,238,140762,231,127201,1,76
ltla,Richmond upon Thames,E09000027,2021/8/21,219,140524,484,126970,1,75
ltla,Richmond upon Thames,E09000027,2021/8/20,170,140305,395,126486,0,74
ltla,Richmond upon Thames,E09000027,2021/8/19,366,140135,590,126091,0,74
ltla,Richmond upon Thames,E09000027,2021/8/18,141,139769,521,125501,0,74
ltla,Richmond upon Thames,E09000027,2021/8/17,112,139628,376,124980,0,74
ltla,Richmond upon Thames,E09000027,2021/8/16,137,139516,358,124604,0,74
ltla,Richmond upon Thames,E09000027,2021/8/15,62,139379,210,124246,1,74
ltla,Richmond upon Thames,E09000027,2021/8/14,95,139317,604,124036,0,73
ltla,Richmond upon Thames,E09000027,2021/8/13,72,139222,475,123432,0,73
ltla,Richmond upon Thames,E09000027,2021/8/12,118,139150,674,122957,3,73
ltla,Richmond upon Thames,E09000027,2021/8/11,67,139032,630,122283,0,70
ltla,Richmond upon Thames,E09000027,2021/8/10,79,138965,405,121653,0,70
ltla,Richmond upon Thames,E09000027,2021/8/9,66,138886,557,121248,1,70
ltla,Richmond upon Thames,E09000027,2021/8/8,62,138820,220,120691,0,69
ltla,Richmond upon Thames,E09000027,2021/8/7,86,138758,491,120471,0,69
ltla,Richmond upon Thames,E09000027,2021/8/6,116,138672,597,119980,0,69
ltla,Richmond upon Thames,E09000027,2021/8/5,107,138556,893,119383,0,69
ltla,Richmond upon Thames,E09000027,2021/8/4,56,138449,492,118490,0,69
ltla,Richmond upon Thames,E09000027,2021/8/3,47,138393,403,117998,0,69
ltla,Richmond upon Thames,E09000027,2021/8/2,48,138346,388,117595,0,69
ltla,Richmond upon Thames,E09000027,2021/8/1,51,138298,309,117207,0,69
ltla,Richmond upon Thames,E09000027,2021/7/31,97,138247,555,116898,0,69
ltla,Richmond upon Thames,E09000027,2021/7/30,94,138150,985,116343,0,69
ltla,Richmond upon Thames,E09000027,2021/7/29,86,138056,1173,115358,0,69
ltla,Richmond upon Thames,E09000027,2021/7/28,79,137970,634,114185,0,69
ltla,Richmond upon Thames,E09000027,2021/7/27,89,137891,781,113551,1,69
ltla,Richmond upon Thames,E09000027,2021/7/26,73,137802,1123,112770,0,68
ltla,Richmond upon Thames,E09000027,2021/7/25,32,137729,317,111647,0,68
ltla,Richmond upon Thames,E09000027,2021/7/24,120,137697,611,111330,0,68
ltla,Richmond upon Thames,E09000027,2021/7/23,120,137577,674,110719,0,68
ltla,Richmond upon Thames,E09000027,2021/7/22,114,137457,876,110045,0,68
ltla,Richmond upon Thames,E09000027,2021/7/21,126,137343,706,109169,2,68
ltla,Richmond upon Thames,E09000027,2021/7/20,130,137217,823,108463,2,66
ltla,Richmond upon Thames,E09000027,2021/7/19,72,137087,628,107640,2,64
ltla,Richmond upon Thames,E09000027,2021/7/18,56,137015,378,107012,1,62
ltla,Richmond upon Thames,E09000027,2021/7/17,188,136959,664,106634,0,61
ltla,Richmond upon Thames,E09000027,2021/7/16,112,136771,1273,105970,0,61
ltla,Richmond upon Thames,E09000027,2021/7/15,123,136659,827,104697,1,61
ltla,Richmond upon Thames,E09000027,2021/7/14,146,136536,2074,103870,0,60
ltla,Richmond upon Thames,E09000027,2021/7/13,78,136390,570,101796,1,60
ltla,Richmond upon Thames,E09000027,2021/7/12,75,136312,563,101226,0,59
ltla,Richmond upon Thames,E09000027,2021/7/11,80,136237,210,100663,0,59
ltla,Richmond upon Thames,E09000027,2021/7/10,257,136157,653,100453,0,59
ltla,Richmond upon Thames,E09000027,2021/7/9,124,135900,781,99800,0,59
ltla,Richmond upon Thames,E09000027,2021/7/8,223,135776,788,99019,0,59
ltla,Richmond upon Thames,E09000027,2021/7/7,195,135553,2339,98231,0,59
ltla,Richmond upon Thames,E09000027,2021/7/6,155,135358,664,95892,1,59
ltla,Richmond upon Thames,E09000027,2021/7/5,150,135203,922,95228,0,58
ltla,Richmond upon Thames,E09000027,2021/7/4,98,135053,401,94306,1,58
ltla,Richmond upon Thames,E09000027,2021/7/3,282,134955,511,93905,1,57
ltla,Richmond upon Thames,E09000027,2021/7/2,286,134673,455,93394,2,56
ltla,Richmond upon Thames,E09000027,2021/7/1,305,134387,637,92939,1,54
ltla,Richmond upon Thames,E09000027,2021/6/30,230,134082,1840,92302,3,53
ltla,Richmond upon Thames,E09000027,2021/6/29,235,133852,581,90462,0,50
ltla,Richmond upon Thames,E09000027,2021/6/28,195,133617,546,89881,0,50
ltla,Richmond upon Thames,E09000027,2021/6/27,199,133422,799,89335,1,50
ltla,Richmond upon Thames,E09000027,2021/6/26,496,133223,440,88536,0,49
ltla,Richmond upon Thames,E09000027,2021/6/25,463,132727,725,88096,3,49
ltla,Richmond upon Thames,E09000027,2021/6/24,461,132264,619,87371,3,46
ltla,Richmond upon Thames,E09000027,2021/6/23,465,131803,534,86752,3,43
ltla,Richmond upon Thames,E09000027,2021/6/22,462,131338,1358,86218,1,40
ltla,Richmond upon Thames,E09000027,2021/6/21,205,130876,342,84860,0,39
ltla,Richmond upon Thames,E09000027,2021/6/20,201,130671,408,84518,0,39
ltla,Richmond upon Thames,E09000027,2021/6/19,697,130470,565,84110,0,39
ltla,Richmond upon Thames,E09000027,2021/6/18,723,129773,1003,83545,0,39
ltla,Richmond upon Thames,E09000027,2021/6/17,733,129050,909,82542,1,39
ltla,Richmond upon Thames,E09000027,2021/6/16,644,128317,825,81633,1,38
ltla,Richmond upon Thames,E09000027,2021/6/15,644,127673,868,80808,0,37
ltla,Richmond upon Thames,E09000027,2021/6/14,255,127029,865,79940,1,37
ltla,Richmond upon Thames,E09000027,2021/6/13,233,126774,599,79075,1,36
ltla,Richmond upon Thames,E09000027,2021/6/12,588,126541,421,78476,2,35
ltla,Richmond upon Thames,E09000027,2021/6/11,1400,125953,759,78055,0,33
ltla,Richmond upon Thames,E09000027,2021/6/10,643,124553,906,77296,0,33
ltla,Richmond upon Thames,E09000027,2021/6/9,1576,123910,1007,76390,0,33
ltla,Richmond upon Thames,E09000027,2021/6/8,648,122334,781,75383,5,33
ltla,Richmond upon Thames,E09000027,2021/6/7,326,121686,891,74602,0,28
ltla,Richmond upon Thames,E09000027,2021/6/6,314,121360,698,73711,1,28
ltla,Richmond upon Thames,E09000027,2021/6/5,545,121046,706,73013,0,27
ltla,Richmond upon Thames,E09000027,2021/6/4,639,120501,859,72307,1,27
ltla,Richmond upon Thames,E09000027,2021/6/3,626,119862,1167,71448,0,26
ltla,Richmond upon Thames,E09000027,2021/6/2,506,119236,1195,70281,1,26
ltla,Richmond upon Thames,E09000027,2021/6/1,450,118730,1104,69086,0,25
ltla,Richmond upon Thames,E09000027,2021/5/31,2237,118280,753,67982,0,25
ltla,Richmond upon Thames,E09000027,2021/5/30,447,116043,372,67229,0,25
ltla,Richmond upon Thames,E09000027,2021/5/29,403,115596,894,66857,0,25
ltla,Richmond upon Thames,E09000027,2021/5/28,638,115193,1805,65963,0,25
ltla,Richmond upon Thames,E09000027,2021/5/27,831,114555,1095,64158,2,25
ltla,Richmond upon Thames,E09000027,2021/5/26,638,113724,2159,63063,0,23
ltla,Richmond upon Thames,E09000027,2021/5/25,1356,113086,1384,60904,1,23
ltla,Richmond upon Thames,E09000027,2021/5/24,595,111730,884,59520,0,22
ltla,Richmond upon Thames,E09000027,2021/5/23,450,111135,157,58636,0,22
ltla,Richmond upon Thames,E09000027,2021/5/22,822,110685,561,58479,1,22
ltla,Richmond upon Thames,E09000027,2021/5/21,2261,109863,1494,57918,2,21
ltla,Richmond upon Thames,E09000027,2021/5/20,918,107602,1592,56424,0,19
ltla,Richmond upon Thames,E09000027,2021/5/19,1297,106684,1749,54832,0,19
ltla,Richmond upon Thames,E09000027,2021/5/18,1926,105387,856,53083,0,19
ltla,Richmond upon Thames,E09000027,2021/5/17,585,103461,478,52227,0,19
ltla,Richmond upon Thames,E09000027,2021/5/16,781,102876,371,51749,0,19
ltla,Richmond upon Thames,E09000027,2021/5/15,259,102095,1358,51378,0,19
ltla,Richmond upon Thames,E09000027,2021/5/14,1595,101836,489,50020,1,19
ltla,Richmond upon Thames,E09000027,2021/5/13,417,100241,781,49531,1,18
ltla,Richmond upon Thames,E09000027,2021/5/12,366,99824,1372,48750,0,17
ltla,Richmond upon Thames,E09000027,2021/5/11,505,99458,1893,47378,0,17
ltla,Richmond upon Thames,E09000027,2021/5/10,256,98953,504,45485,0,17
ltla,Richmond upon Thames,E09000027,2021/5/9,214,98697,601,44981,0,17
ltla,Richmond upon Thames,E09000027,2021/5/8,451,98483,512,44380,0,17
ltla,Richmond upon Thames,E09000027,2021/5/7,587,98032,1538,43868,0,17
ltla,Richmond upon Thames,E09000027,2021/5/6,946,97445,926,42330,0,17
ltla,Richmond upon Thames,E09000027,2021/5/5,2133,96499,901,41404,0,17
ltla,Richmond upon Thames,E09000027,2021/5/4,810,94366,784,40503,0,17
ltla,Richmond upon Thames,E09000027,2021/5/3,136,93556,239,39719,0,17
ltla,Richmond upon Thames,E09000027,2021/5/2,170,93420,88,39480,0,17
ltla,Richmond upon Thames,E09000027,2021/5/1,720,93250,346,39392,0,17
ltla,Richmond upon Thames,E09000027,2021/4/30,657,92530,470,39046,0,17
ltla,Richmond upon Thames,E09000027,2021/4/29,848,91873,1029,38576,1,17
ltla,Richmond upon Thames,E09000027,2021/4/28,792,91025,1743,37547,2,16
ltla,Richmond upon Thames,E09000027,2021/4/27,523,90233,1775,35804,0,14
ltla,Richmond upon Thames,E09000027,2021/4/26,417,89710,361,34029,0,14
ltla,Richmond upon Thames,E09000027,2021/4/25,52,89293,118,33668,1,14
ltla,Richmond upon Thames,E09000027,2021/4/24,204,89241,332,33550,1,13
ltla,Richmond upon Thames,E09000027,2021/4/23,394,89037,1189,33218,0,12
ltla,Richmond upon Thames,E09000027,2021/4/22,756,88643,738,32029,0,12
ltla,Richmond upon Thames,E09000027,2021/4/21,1011,87887,1200,31291,1,12
ltla,Richmond upon Thames,E09000027,2021/4/20,552,86876,1124,30091,0,11
ltla,Richmond upon Thames,E09000027,2021/4/19,633,86324,684,28967,0,11
ltla,Richmond upon Thames,E09000027,2021/4/18,356,85691,1670,28283,0,11
ltla,Richmond upon Thames,E09000027,2021/4/17,323,85335,1435,26613,0,11
ltla,Richmond upon Thames,E09000027,2021/4/16,320,85012,388,25178,0,11
ltla,Richmond upon Thames,E09000027,2021/4/15,535,84692,1034,24790,0,11
ltla,Richmond upon Thames,E09000027,2021/4/14,819,84157,553,23756,0,11
ltla,Richmond upon Thames,E09000027,2021/4/13,270,83338,470,23203,0,11
ltla,Richmond upon Thames,E09000027,2021/4/12,66,83068,308,22733,0,11
ltla,Richmond upon Thames,E09000027,2021/4/11,118,83002,126,22425,0,11
ltla,Richmond upon Thames,E09000027,2021/4/10,243,82884,1416,22299,0,11
ltla,Richmond upon Thames,E09000027,2021/4/9,78,82641,1049,20883,0,11
ltla,Richmond upon Thames,E09000027,2021/4/8,649,82563,1691,19834,0,11
ltla,Richmond upon Thames,E09000027,2021/4/7,195,81914,1132,18143,0,11
ltla,Richmond upon Thames,E09000027,2021/4/6,135,81719,392,17011,0,11
ltla,Richmond upon Thames,E09000027,2021/4/5,123,81584,42,16619,0,11
ltla,Richmond upon Thames,E09000027,2021/4/4,19,81461,17,16577,0,11
ltla,Richmond upon Thames,E09000027,2021/4/3,281,81442,42,16560,0,11
ltla,Richmond upon Thames,E09000027,2021/4/2,69,81161,428,16518,0,11
ltla,Richmond upon Thames,E09000027,2021/4/1,243,81092,2314,16090,1,11
ltla,Richmond upon Thames,E09000027,2021/3/31,1355,80849,2356,13776,1,10
ltla,Richmond upon Thames,E09000027,2021/3/30,662,79494,259,11420,0,9
ltla,Richmond upon Thames,E09000027,2021/3/29,604,78832,1163,11161,0,9
ltla,Richmond upon Thames,E09000027,2021/3/28,608,78228,60,9998,0,9
ltla,Richmond upon Thames,E09000027,2021/3/27,759,77620,184,9938,0,9
ltla,Richmond upon Thames,E09000027,2021/3/26,1165,76861,1554,9754,0,9
ltla,Richmond upon Thames,E09000027,2021/3/25,1023,75696,1308,8200,0,9
ltla,Richmond upon Thames,E09000027,2021/3/24,1071,74673,789,6892,0,9
ltla,Richmond upon Thames,E09000027,2021/3/23,911,73602,214,6103,0,9
ltla,Richmond upon Thames,E09000027,2021/3/22,833,72691,98,5889,0,9
ltla,Richmond upon Thames,E09000027,2021/3/21,742,71858,27,5791,2,9
ltla,Richmond upon Thames,E09000027,2021/3/20,1083,71116,70,5764,0,7
ltla,Richmond upon Thames,E09000027,2021/3/19,3196,70033,113,5694,0,7
ltla,Richmond upon Thames,E09000027,2021/3/18,2196,66837,928,5581,0,7
ltla,Richmond upon Thames,E09000027,2021/3/17,1285,64641,214,4653,0,7
ltla,Richmond upon Thames,E09000027,2021/3/16,1426,63356,127,4439,0,7
ltla,Richmond upon Thames,E09000027,2021/3/15,935,61930,39,4312,0,7
ltla,Richmond upon Thames,E09000027,2021/3/14,374,60995,50,4273,0,7
ltla,Richmond upon Thames,E09000027,2021/3/13,504,60621,82,4223,0,7
ltla,Richmond upon Thames,E09000027,2021/3/12,282,60117,114,4141,0,7
ltla,Richmond upon Thames,E09000027,2021/3/11,849,59835,145,4027,0,7
ltla,Richmond upon Thames,E09000027,2021/3/10,908,58986,223,3882,1,7
ltla,Richmond upon Thames,E09000027,2021/3/9,1326,58078,110,3659,1,6
ltla,Richmond upon Thames,E09000027,2021/3/8,746,56752,79,3549,1,5
ltla,Richmond upon Thames,E09000027,2021/3/7,444,56006,57,3470,0,4
ltla,Richmond upon Thames,E09000027,2021/3/6,977,55562,72,3413,0,4
ltla,Richmond upon Thames,E09000027,2021/3/5,622,54585,87,3341,0,4
ltla,Richmond upon Thames,E09000027,2021/3/4,1657,53963,565,3254,0,4
ltla,Richmond upon Thames,E09000027,2021/3/3,970,52306,73,2689,0,4
ltla,Richmond upon Thames,E09000027,2021/3/2,1036,51336,37,2616,0,4
ltla,Richmond upon Thames,E09000027,2021/3/1,584,50300,12,2579,0,4
ltla,Richmond upon Thames,E09000027,2021/2/28,327,49716,9,2567,0,4
ltla,Richmond upon Thames,E09000027,2021/2/27,1144,49389,11,2558,0,4
ltla,Richmond upon Thames,E09000027,2021/2/26,412,48245,29,2547,0,4
ltla,Richmond upon Thames,E09000027,2021/2/25,1926,47833,74,2518,0,4
ltla,Richmond upon Thames,E09000027,2021/2/24,1526,45907,65,2444,0,4
ltla,Richmond upon Thames,E09000027,2021/2/23,609,44381,16,2379,0,4
ltla,Richmond upon Thames,E09000027,2021/2/22,401,43772,23,2363,0,4
ltla,Richmond upon Thames,E09000027,2021/2/21,261,43371,1,2340,0,4
ltla,Richmond upon Thames,E09000027,2021/2/20,179,43110,3,2339,0,4
ltla,Richmond upon Thames,E09000027,2021/2/19,290,42931,14,2336,0,4
ltla,Richmond upon Thames,E09000027,2021/2/18,766,42641,33,2322,0,4
ltla,Richmond upon Thames,E09000027,2021/2/17,647,41875,13,2289,1,4
ltla,Richmond upon Thames,E09000027,2021/2/16,1533,41228,3,2276,0,3
ltla,Richmond upon Thames,E09000027,2021/2/15,477,39695,4,2273,0,3
ltla,Richmond upon Thames,E09000027,2021/2/14,1401,39218,2,2269,0,3
ltla,Richmond upon Thames,E09000027,2021/2/13,240,37817,0,2267,0,3
ltla,Richmond upon Thames,E09000027,2021/2/12,1300,37577,2,2267,0,3
ltla,Richmond upon Thames,E09000027,2021/2/11,1375,36277,14,2265,0,3
ltla,Richmond upon Thames,E09000027,2021/2/10,492,34902,9,2251,0,3
ltla,Richmond upon Thames,E09000027,2021/2/9,320,34410,3,2242,0,3
ltla,Richmond upon Thames,E09000027,2021/2/8,1013,34090,5,2239,0,3
ltla,Richmond upon Thames,E09000027,2021/2/7,177,33077,0,2234,0,3
ltla,Richmond upon Thames,E09000027,2021/2/6,367,32900,3,2234,0,3
ltla,Richmond upon Thames,E09000027,2021/2/5,700,32533,9,2231,0,3
ltla,Richmond upon Thames,E09000027,2021/2/4,1026,31833,9,2222,0,3
ltla,Richmond upon Thames,E09000027,2021/2/3,455,30807,5,2213,0,3
ltla,Richmond upon Thames,E09000027,2021/2/2,490,30352,6,2208,0,3
ltla,Richmond upon Thames,E09000027,2021/2/1,1194,29862,12,2202,0,3
ltla,Richmond upon Thames,E09000027,2021/1/31,2706,28668,15,2190,0,3
ltla,Richmond upon Thames,E09000027,2021/1/30,903,25962,8,2175,0,3
ltla,Richmond upon Thames,E09000027,2021/1/29,1014,25059,3,2167,0,3
ltla,Richmond upon Thames,E09000027,2021/1/28,979,24045,8,2164,0,3
ltla,Richmond upon Thames,E09000027,2021/1/27,870,23066,7,2156,0,3
ltla,Richmond upon Thames,E09000027,2021/1/26,829,22196,13,2149,0,3
ltla,Richmond upon Thames,E09000027,2021/1/25,630,21367,2,2136,0,3
ltla,Richmond upon Thames,E09000027,2021/1/24,163,20737,2,2134,0,3
ltla,Richmond upon Thames,E09000027,2021/1/23,1663,20574,5,2132,0,3
ltla,Richmond upon Thames,E09000027,2021/1/22,975,18911,8,2127,0,3
ltla,Richmond upon Thames,E09000027,2021/1/21,733,17936,11,2119,0,3
ltla,Richmond upon Thames,E09000027,2021/1/20,951,17203,12,2108,0,3
ltla,Richmond upon Thames,E09000027,2021/1/19,700,16252,5,2096,1,3
ltla,Richmond upon Thames,E09000027,2021/1/18,193,15552,2,2091,0,2
ltla,Richmond upon Thames,E09000027,2021/1/17,59,15359,1,2089,0,2
ltla,Richmond upon Thames,E09000027,2021/1/16,488,15300,8,2088,0,2
ltla,Richmond upon Thames,E09000027,2021/1/15,1021,14812,5,2080,0,2
ltla,Richmond upon Thames,E09000027,2021/1/14,2097,13791,41,2075,0,2
ltla,Richmond upon Thames,E09000027,2021/1/13,1746,11694,43,2034,0,2
ltla,Richmond upon Thames,E09000027,2021/1/12,187,9948,32,1991,1,2
ltla,Richmond upon Thames,E09000027,2021/1/11,162,9761,38,1959,0,1
ltla,Richmond upon Thames,E09000027,2021/1/10,1483,9599,155,1921,0,1
ltla,Richmond upon Thames,E09000027,2021/1/9,1329,8116,305,1766,0,1
ltla,Richmond upon Thames,E09000027,2021/1/8,1048,6787,355,1461,0,1
ltla,Richmond upon Thames,E09000027,2021/1/7,806,5739,445,1106,0,1
ltla,Richmond upon Thames,E09000027,2021/1/6,305,4933,532,661,0,1
ltla,Richmond upon Thames,E09000027,2021/1/5,176,4628,35,129,0,1
ltla,Richmond upon Thames,E09000027,2021/1/4,88,4452,18,94,0,1
ltla,Richmond upon Thames,E09000027,2021/1/3,19,4364,2,76,0,1
ltla,Richmond upon Thames,E09000027,2021/1/2,23,4345,9,74,0,1
ltla,Richmond upon Thames,E09000027,2021/1/1,30,4322,1,65,0,1
ltla,Richmond upon Thames,E09000027,2020/12/31,209,4292,10,64,0,1
ltla,Richmond upon Thames,E09000027,2020/12/30,1071,4083,5,54,0,1
ltla,Richmond upon Thames,E09000027,2020/12/29,86,3012,8,49,0,1
ltla,Richmond upon Thames,E09000027,2020/12/28,7,2926,0,41,0,1
ltla,Richmond upon Thames,E09000027,2020/12/27,6,2919,0,41,0,1
ltla,Richmond upon Thames,E09000027,2020/12/26,6,2913,0,41,0,1
ltla,Richmond upon Thames,E09000027,2020/12/25,3,2907,0,41,0,1
ltla,Richmond upon Thames,E09000027,2020/12/24,36,2904,0,41,0,1
ltla,Richmond upon Thames,E09000027,2020/12/23,112,2868,0,41,1,1
ltla,Richmond upon Thames,E09000027,2020/12/22,72,2756,1,41,,
ltla,Richmond upon Thames,E09000027,2020/12/21,89,2684,0,40,,
ltla,Richmond upon Thames,E09000027,2020/12/20,710,2595,0,40,,
ltla,Richmond upon Thames,E09000027,2020/12/19,303,1885,0,40,,
ltla,Richmond upon Thames,E09000027,2020/12/18,391,1582,0,40,,
ltla,Richmond upon Thames,E09000027,2020/12/17,460,1191,0,40,,
ltla,Richmond upon Thames,E09000027,2020/12/16,549,731,1,40,,
ltla,Richmond upon Thames,E09000027,2020/12/15,39,182,,39,,
ltla,Richmond upon Thames,E09000027,2020/12/14,20,143,,39,,
ltla,Richmond upon Thames,E09000027,2020/12/13,0,123,,39,,
ltla,Richmond upon Thames,E09000027,2020/12/12,9,123,,39,,
ltla,Richmond upon Thames,E09000027,2020/12/11,22,114,,39,,
ltla,Richmond upon Thames,E09000027,2020/12/10,22,92,,39,,
ltla,Richmond upon Thames,E09000027,2020/12/9,12,70,,39,,
ltla,Richmond upon Thames,E09000027,2020/12/8,12,58,,39,,
