<?xml version="1.0" encoding="UTF-8"?>
<metadata xml:lang="zh"><Esri><CreaDate>20220902</CreaDate><CreaTime>22362800</CreaTime><ArcGISFormat>1.0</ArcGISFormat><SyncOnce>TRUE</SyncOnce><DataProperties><lineage><Process ToolSource="d:\program files l\arcgis\desktop10.2\ArcToolbox\Toolboxes\Conversion Tools.tbx\FeatureClassToFeatureClass" Date="20220902" Time="223628">FeatureClassToFeatureClass London_Ward_CityMerged_disov D:\VACC\statistical-gis-boundaries-london\ESRI London_Ward_CityMerged_disov_groupc.shp # "London_War "ID" true true false 4 Short 0 4 ,First,#,London_Ward_CityMerged_disov,London_Ward_CityMerged_disov.ID,-1,-1;gwrdatapro "CasesDateChange" true true false 8 Double 0 0 ,First,#,London_Ward_CityMerged_disov,gwrdatapro.csv.CasesDateChange,-1,-1;gwrdatap_1 "CasesDateRollingRate" true true false 8 Double 0 0 ,First,#,London_Ward_CityMerged_disov,gwrdatapro.csv.CasesDateRollingRate,-1,-1;gwrdatap_2 "CasesDateRollingSum" true true false 8 Double 0 0 ,First,#,London_Ward_CityMerged_disov,gwrdatapro.csv.CasesDateRollingSum,-1,-1" #</Process><Process ToolSource="d:\program files l\arcgis\desktop10.2\ArcToolbox\Toolboxes\Data Management Tools.tbx\AddField" Date="20220902" Time="223628">AddField D:\VACC\statistical-gis-boundaries-london\ESRI\London_Ward_CityMerged_disov_groupc.shp SS_SEED LONG # # # # NULLABLE NON_REQUIRED #</Process><Process ToolSource="d:\program files l\arcgis\desktop10.2\ArcToolbox\Toolboxes\Data Management Tools.tbx\AddField" Date="20220902" Time="223628">AddField D:\VACC\statistical-gis-boundaries-london\ESRI\London_Ward_CityMerged_disov_groupc.shp SS_GROUP LONG # # # # NULLABLE NON_REQUIRED #</Process><Process ToolSource="d:\program files l\arcgis\desktop10.2\ArcToolbox\Toolboxes\Spatial Statistics Tools.tbx\GroupingAnalysis" Date="20220902" Time="223628">GroupingAnalysis London_Ward_CityMerged_disov London_Ward_CityMerged_disov.ID D:\VACC\statistical-gis-boundaries-london\ESRI\London_Ward_CityMerged_disov_groupc.shp 4 gwrdatapro.csv.CasesDateChange;gwrdatapro.csv.CasesDateRollingRate;gwrdatapro.csv.CasesDateRollingSum NO_SPATIAL_CONSTRAINT EUCLIDEAN # # FIND_SEED_LOCATIONS # # DO_NOT_EVALUATE</Process></lineage></DataProperties></Esri></metadata>
