<?xml version="1.0" encoding="UTF-8"?>
<metadata xml:lang="zh"><Esri><CreaDate>20220902</CreaDate><CreaTime>22333800</CreaTime><ArcGISFormat>1.0</ArcGISFormat><SyncOnce>TRUE</SyncOnce><DataProperties><lineage><Process ToolSource="d:\program files l\arcgis\desktop10.2\ArcToolbox\Toolboxes\Conversion Tools.tbx\FeatureClassToFeatureClass" Date="20220902" Time="223338">FeatureClassToFeatureClass London_Ward_CityMerged_disov D:\VACC\statistical-gis-boundaries-london\ESRI London_Ward_CityMerged_disov_groupa.shp # "London_War "ID" true true false 4 Short 0 4 ,First,#,London_Ward_CityMerged_disov,London_Ward_CityMerged_disov.ID,-1,-1;gwrdatapro "new1stmean" true true false 8 Double 0 0 ,First,#,London_Ward_CityMerged_disov,gwrdatapro.csv.new1stmean,-1,-1;gwrdatap_1 "new2ndmean" true true false 8 Double 0 0 ,First,#,London_Ward_CityMerged_disov,gwrdatapro.csv.new2ndmean,-1,-1" #</Process><Process ToolSource="d:\program files l\arcgis\desktop10.2\ArcToolbox\Toolboxes\Data Management Tools.tbx\AddField" Date="20220902" Time="223338">AddField D:\VACC\statistical-gis-boundaries-london\ESRI\London_Ward_CityMerged_disov_groupa.shp SS_SEED LONG # # # # NULLABLE NON_REQUIRED #</Process><Process ToolSource="d:\program files l\arcgis\desktop10.2\ArcToolbox\Toolboxes\Data Management Tools.tbx\AddField" Date="20220902" Time="223338">AddField D:\VACC\statistical-gis-boundaries-london\ESRI\London_Ward_CityMerged_disov_groupa.shp SS_GROUP LONG # # # # NULLABLE NON_REQUIRED #</Process><Process ToolSource="d:\program files l\arcgis\desktop10.2\ArcToolbox\Toolboxes\Spatial Statistics Tools.tbx\GroupingAnalysis" Date="20220902" Time="223338">GroupingAnalysis London_Ward_CityMerged_disov London_Ward_CityMerged_disov.ID D:\VACC\statistical-gis-boundaries-london\ESRI\London_Ward_CityMerged_disov_groupa.shp 4 gwrdatapro.csv.new1stmean;gwrdatapro.csv.new2ndmean NO_SPATIAL_CONSTRAINT EUCLIDEAN # # FIND_SEED_LOCATIONS # # DO_NOT_EVALUATE</Process></lineage></DataProperties></Esri></metadata>
