<?xml version="1.0" encoding="UTF-8"?>
<metadata xml:lang="zh"><Esri><CreaDate>20220902</CreaDate><CreaTime>22565300</CreaTime><ArcGISFormat>1.0</ArcGISFormat><SyncOnce>TRUE</SyncOnce><DataProperties><lineage><Process ToolSource="d:\program files l\arcgis\desktop10.2\ArcToolbox\Toolboxes\Conversion Tools.tbx\FeatureClassToFeatureClass" Date="20220902" Time="225653">FeatureClassToFeatureClass London_Ward_CityMerged_disov D:\VACC\statistical-gis-boundaries-london\ESRI London_Ward_CityMerged_disov_grouppo.shp # "London_War "ID" true true false 4 Short 0 4 ,First,#,London_Ward_CityMerged_disov,London_Ward_CityMerged_disov.ID,-1,-1;gwrdatapro "Popdensity" true true false 8 Double 0 0 ,First,#,London_Ward_CityMerged_disov,gwrdatapro.csv.Popdensity,-1,-1;gwrdatap_1 "Populationper" true true false 8 Double 0 0 ,First,#,London_Ward_CityMerged_disov,gwrdatapro.csv.Populationper,-1,-1" #</Process><Process ToolSource="d:\program files l\arcgis\desktop10.2\ArcToolbox\Toolboxes\Data Management Tools.tbx\AddField" Date="20220902" Time="225653">AddField D:\VACC\statistical-gis-boundaries-london\ESRI\London_Ward_CityMerged_disov_grouppo.shp SS_SEED LONG # # # # NULLABLE NON_REQUIRED #</Process><Process ToolSource="d:\program files l\arcgis\desktop10.2\ArcToolbox\Toolboxes\Data Management Tools.tbx\AddField" Date="20220902" Time="225653">AddField D:\VACC\statistical-gis-boundaries-london\ESRI\London_Ward_CityMerged_disov_grouppo.shp SS_GROUP LONG # # # # NULLABLE NON_REQUIRED #</Process><Process ToolSource="d:\program files l\arcgis\desktop10.2\ArcToolbox\Toolboxes\Spatial Statistics Tools.tbx\GroupingAnalysis" Date="20220902" Time="225653">GroupingAnalysis London_Ward_CityMerged_disov London_Ward_CityMerged_disov.ID D:\VACC\statistical-gis-boundaries-london\ESRI\London_Ward_CityMerged_disov_grouppo.shp 4 gwrdatapro.csv.Popdensity;gwrdatapro.csv.Populationper NO_SPATIAL_CONSTRAINT EUCLIDEAN # # FIND_SEED_LOCATIONS # # DO_NOT_EVALUATE</Process></lineage></DataProperties></Esri></metadata>
